DATE,STORAGE,,,,,,,,,,,,,,,
2016-10-01,"2,803,377",,,,,,,,,,,,,,,
2016-10-02,"2,795,819",,,,,,,,,,,,,,,
2016-10-03,"2,787,181",,,,,,,,,,,,,,,
2016-10-04,"2,778,149",,,,,,,,,,,,,,,
2016-10-05,"2,769,771",,,,,,,,,,,,,,,
2016-10-06,"2,760,766",,,,,,,,,,,,,,,
2016-10-07,"2,755,853",,,,,,,,,,,,,,,
2016-10-08,"2,746,881",,,,,,,,,,,,,,,
2016-10-09,"2,738,995",,,,,,,,,,,,,,,
2016-10-10,"2,731,133",,,,,,,,,,,,,,,
2016-10-11,"2,723,696",,,,,,,,,,,,,,,
2016-10-12,"2,716,497",,,,,,,,,,,,,,,
2016-10-13,"2,711,213",,,,,,,,,,,,,,,
2016-10-14,"2,711,847",,,,,,,,,,,,,,,
2016-10-15,"2,712,270",,,,,,,,,,,,,,,
2016-10-16,"2,711,213",,,,,,,,,,,,,,,
2016-10-17,"2,709,100",,,,,,,,,,,,,,,
2016-10-18,"2,704,662",,,,,,,,,,,,,,,
2016-10-19,"2,700,436",,,,,,,,,,,,,,,
2016-10-20,"2,695,599",,,,,,,,,,,,,,,
2016-10-21,"2,689,924",,,,,,,,,,,,,,,
2016-10-22,"2,680,676",,,,,,,,,,,,,,,
2016-10-23,"2,670,841",,,,,,,,,,,,,,,
2016-10-24,"2,665,824",,,,,,,,,,,,,,,
2016-10-25,"2,670,841",,,,,,,,,,,,,,,
2016-10-26,"2,676,694",,,,,,,,,,,,,,,
2016-10-27,"2,688,873",,,,,,,,,,,,,,,
2016-10-28,"2,697,701",,,,,,,,,,,,,,,
2016-10-29,"2,709,946",,,,,,,,,,,,,,,
2016-10-30,"2,738,783",,,,,,,,,,,,,,,
2016-10-31,"2,765,261",,,,,,,,,,,,,,,
2016-11-01,"2,783,948",,,,,,,,,,,,,,,
2016-11-02,"2,800,354",,,,,,,,,,,,,,,
2016-11-03,"2,805,320",,,,,,,,,,,,,,,
2016-11-04,"2,811,174",,,,,,,,,,,,,,,
2016-11-05,"2,812,911",,,,,,,,,,,,,,,
2016-11-06,"2,814,648",,,,,,,,,,,,,,,
2016-11-07,"2,817,254",,,,,,,,,,,,,,,
2016-11-08,"2,820,076",,,,,,,,,,,,,,,
2016-11-09,"2,822,248",,,,,,,,,,,,,,,
2016-11-10,"2,824,202",,,,,,,,,,,,,,,
2016-11-11,"2,824,419",,,,,,,,,,,,,,,
2016-11-12,"2,824,419",,,,,,,,,,,,,,,
2016-11-13,"2,823,550",,,,,,,,,,,,,,,
2016-11-14,"2,821,596",,,,,,,,,,,,,,,
2016-11-15,"2,819,425",,,,,,,,,,,,,,,
2016-11-16,"2,816,385",,,,,,,,,,,,,,,
2016-11-17,"2,813,780",,,,,,,,,,,,,,,
2016-11-18,"2,812,477",,,,,,,,,,,,,,,
2016-11-19,"2,821,379",,,,,,,,,,,,,,,
2016-11-20,"2,835,517",,,,,,,,,,,,,,,
2016-11-21,"2,844,887",,,,,,,,,,,,,,,
2016-11-22,"2,851,430",,,,,,,,,,,,,,,
2016-11-23,"2,858,880",,,,,,,,,,,,,,,
2016-11-24,"2,868,739",,,,,,,,,,,,,,,
2016-11-25,"2,876,869",,,,,,,,,,,,,,,
2016-11-26,"2,887,882",,,,,,,,,,,,,,,
2016-11-27,"2,896,484",,,,,,,,,,,,,,,
2016-11-28,"2,904,012",,,,,,,,,,,,,,,
2016-11-29,"2,906,447",,,,,,,,,,,,,,,
2016-11-30,"2,910,211",,,,,,,,,,,,,,,
2016-12-01,"2,912,868",,,,,,,,,,,,,,,
2016-12-02,"2,917,968",,,,,,,,,,,,,,,
2016-12-03,"2,920,862",,,,,,,,,,,,,,,
2016-12-04,"2,922,643",,,,,,,,,,,,,,,
2016-12-05,"2,923,311",,,,,,,,,,,,,,,
2016-12-06,"2,923,979",,,,,,,,,,,,,,,
2016-12-07,"2,926,651",,,,,,,,,,,,,,,
2016-12-08,"2,929,990",,,,,,,,,,,,,,,
2016-12-09,"2,935,333",,,,,,,,,,,,,,,
2016-12-10,"2,965,099",,,,,,,,,,,,,,,
2016-12-11,"2,986,714",,,,,,,,,,,,,,,
2016-12-12,"2,996,212",,,,,,,,,,,,,,,
2016-12-13,"3,009,117",,,,,,,,,,,,,,,
2016-12-14,"3,036,437",,,,,,,,,,,,,,,
2016-12-15,"3,149,525",,,,,,,,,,,,,,,
2016-12-16,"3,214,623",,,,,,,,,,,,,,,
2016-12-17,"3,257,595",,,,,,,,,,,,,,,
2016-12-18,"3,288,857",,,,,,,,,,,,,,,
2016-12-19,"3,310,786",,,,,,,,,,,,,,,
2016-12-20,"3,327,257",,,,,,,,,,,,,,,
2016-12-21,"3,334,524",,,,,,,,,,,,,,,
2016-12-22,"3,336,712",,,,,,,,,,,,,,,
2016-12-23,"3,348,640",,,,,,,,,,,,,,,
2016-12-24,"3,353,752",,,,,,,,,,,,,,,
2016-12-25,"3,353,509",,,,,,,,,,,,,,,
2016-12-26,"3,352,779",,,,,,,,,,,,,,,
2016-12-27,"3,351,075",,,,,,,,,,,,,,,
2016-12-28,"3,349,857",,,,,,,,,,,,,,,
2016-12-29,"3,345,232",,,,,,,,,,,,,,,
2016-12-30,"3,343,285",,,,,,,,,,,,,,,
2016-12-31,"3,341,580",,,,,,,,,,,,,,,
2017-01-01,"3,340,120",,,,,,,,,,,,,,,
2017-01-02,"3,342,311",,,,,,,,,,,,,,,
2017-01-03,"3,351,561",,,,,,,,,,,,,,,
2017-01-04,"3,364,244",,,,,,,,,,,,,,,
2017-01-05,"3,378,190",,,,,,,,,,,,,,,
2017-01-06,"3,389,964",,,,,,,,,,,,,,,
2017-01-07,"3,396,850",,,,,,,,,,,,,,,
2017-01-08,"3,460,956",,,,,,,,,,,,,,,
2017-01-09,"3,548,935",,,,,,,,,,,,,,,
2017-01-10,"3,665,857",,,,,,,,,,,,,,,
2017-01-11,"3,754,767",,,,,,,,,,,,,,,
2017-01-12,"3,763,992",,,,,,,,,,,,,,,
2017-01-13,"3,753,713",,,,,,,,,,,,,,,
2017-01-14,"3,734,499",,,,,,,,,,,,,,,
2017-01-15,"3,705,947",,,,,,,,,,,,,,,
2017-01-16,"3,677,026",,,,,,,,,,,,,,,
2017-01-17,"3,640,765",,,,,,,,,,,,,,,
2017-01-18,"3,630,709",,,,,,,,,,,,,,,
2017-01-19,"3,631,481",,,,,,,,,,,,,,,
2017-01-20,"3,659,633",,,,,,,,,,,,,,,
2017-01-21,"3,679,104",,,,,,,,,,,,,,,
2017-01-22,"3,711,168",,,,,,,,,,,,,,,
2017-01-23,"3,714,304",,,,,,,,,,,,,,,
2017-01-24,"3,705,686",,,,,,,,,,,,,,,
2017-01-25,"3,685,077",,,,,,,,,,,,,,,
2017-01-26,"3,659,374",,,,,,,,,,,,,,,
2017-01-27,"3,633,796",,,,,,,,,,,,,,,
2017-01-28,"3,610,389",,,,,,,,,,,,,,,
2017-01-29,"3,589,145",,,,,,,,,,,,,,,
2017-01-30,"3,568,495",,,,,,,,,,,,,,,
2017-01-31,"3,546,148",,,,,,,,,,,,,,,
2017-02-01,"3,526,418",,,,,,,,,,,,,,,
2017-02-02,"3,512,550",,,,,,,,,,,,,,,
2017-02-03,"3,544,121",,,,,,,,,,,,,,,
2017-02-04,"3,608,595",,,,,,,,,,,,,,,
2017-02-05,"3,655,497",,,,,,,,,,,,,,,
2017-02-06,"3,742,907",,,,,,,,,,,,,,,
2017-02-07,"3,872,927",,,,,,,,,,,,,,,
2017-02-08,"3,980,049",,,,,,,,,,,,,,,
2017-02-09,"4,205,528",,,,,,,,,,,,,,,
2017-02-10,"4,350,769",,,,,,,,,,,,,,,
2017-02-11,"4,381,763",,,,,,,,,,,,,,,
2017-02-12,"4,369,002",,,,,,,,,,,,,,,
2017-02-13,"4,318,917",,,,,,,,,,,,,,,
2017-02-14,"4,241,106",,,,,,,,,,,,,,,
2017-02-15,"4,170,456",,,,,,,,,,,,,,,
2017-02-16,"4,144,840",,,,,,,,,,,,,,,
2017-02-17,"4,101,197",,,,,,,,,,,,,,,
2017-02-18,"4,075,603",,,,,,,,,,,,,,,
2017-02-19,"4,059,792",,,,,,,,,,,,,,,
2017-02-20,"4,142,878",,,,,,,,,,,,,,,
2017-02-21,"4,228,840",,,,,,,,,,,,,,,
2017-02-22,"4,215,194",,,,,,,,,,,,,,,
2017-02-23,"4,166,795",,,,,,,,,,,,,,,
2017-02-24,"4,102,871",,,,,,,,,,,,,,,
2017-02-25,"4,032,723",,,,,,,,,,,,,,,
2017-02-26,"3,954,164",,,,,,,,,,,,,,,
2017-02-27,"3,869,717",,,,,,,,,,,,,,,
2017-02-28,"3,779,345",,,,,,,,,,,,,,,
2017-03-01,"3,684,039",,,,,,,,,,,,,,,
2017-03-02,"3,603,221",,,,,,,,,,,,,,,
2017-03-03,"3,535,252",,,,,,,,,,,,,,,
2017-03-04,"3,483,926",,,,,,,,,,,,,,,
2017-03-05,"3,446,784",,,,,,,,,,,,,,,
2017-03-06,"3,418,294",,,,,,,,,,,,,,,
2017-03-07,"3,406,933",,,,,,,,,,,,,,,
2017-03-08,"3,402,015",,,,,,,,,,,,,,,
2017-03-09,"3,398,326",,,,,,,,,,,,,,,
2017-03-10,"3,403,736",,,,,,,,,,,,,,,
2017-03-11,"3,411,868",,,,,,,,,,,,,,,
2017-03-12,"3,423,732",,,,,,,,,,,,,,,
2017-03-13,"3,440,078",,,,,,,,,,,,,,,
2017-03-14,"3,458,210",,,,,,,,,,,,,,,
2017-03-15,"3,475,684",,,,,,,,,,,,,,,
2017-03-16,"3,496,220",,,,,,,,,,,,,,,
2017-03-17,"3,515,828",,,,,,,,,,,,,,,
2017-03-18,"3,535,759",,,,,,,,,,,,,,,
2017-03-19,"3,558,058",,,,,,,,,,,,,,,
2017-03-20,"3,581,482",,,,,,,,,,,,,,,
2017-03-21,"3,630,452",,,,,,,,,,,,,,,
2017-03-22,"3,691,330",,,,,,,,,,,,,,,
2017-03-23,"3,738,695",,,,,,,,,,,,,,,
2017-03-24,"3,798,413",,,,,,,,,,,,,,,
2017-03-25,"3,859,828",,,,,,,,,,,,,,,
2017-03-26,"3,905,454",,,,,,,,,,,,,,,
2017-03-27,"3,941,145",,,,,,,,,,,,,,,
2017-03-28,"3,970,785",,,,,,,,,,,,,,,
2017-03-29,"3,992,913",,,,,,,,,,,,,,,
2017-03-30,"4,013,745",,,,,,,,,,,,,,,
2017-03-31,"4,031,347",,,,,,,,,,,,,,,
2017-04-01,"4,046,251",,,,,,,,,,,,,,,
2017-04-02,"4,058,686",,,,,,,,,,,,,,,
2017-04-03,"4,072,826",,,,,,,,,,,,,,,
2017-04-04,"4,085,321",,,,,,,,,,,,,,,
2017-04-05,"4,097,849",,,,,,,,,,,,,,,
2017-04-06,"4,122,136",,,,,,,,,,,,,,,
2017-04-07,"4,175,527",,,,,,,,,,,,,,,
2017-04-08,"4,218,321",,,,,,,,,,,,,,,
2017-04-09,"4,248,245",,,,,,,,,,,,,,,
2017-04-10,"4,273,151",,,,,,,,,,,,,,,
2017-04-11,"4,303,347",,,,,,,,,,,,,,,
2017-04-12,"4,336,003",,,,,,,,,,,,,,,
2017-04-13,"4,363,792",,,,,,,,,,,,,,,
2017-04-14,"4,379,146",,,,,,,,,,,,,,,
2017-04-15,"4,378,565",,,,,,,,,,,,,,,
2017-04-16,"4,377,402",,,,,,,,,,,,,,,
2017-04-17,"4,376,821",,,,,,,,,,,,,,,
2017-04-18,"4,377,402",,,,,,,,,,,,,,,
2017-04-19,"4,372,764",,,,,,,,,,,,,,,
2017-04-20,"4,360,609",,,,,,,,,,,,,,,
2017-04-21,"4,341,215",,,,,,,,,,,,,,,
2017-04-22,"4,320,076",,,,,,,,,,,,,,,
2017-04-23,"4,298,735",,,,,,,,,,,,,,,
2017-04-24,"4,282,047",,,,,,,,,,,,,,,
2017-04-25,"4,265,977",,,,,,,,,,,,,,,
2017-04-26,"4,256,526",,,,,,,,,,,,,,,
2017-04-27,"4,252,243",,,,,,,,,,,,,,,
2017-04-28,"4,253,099",,,,,,,,,,,,,,,
2017-04-29,"4,258,239",,,,,,,,,,,,,,,
2017-04-30,"4,262,821",,,,,,,,,,,,,,,
2017-05-01,"4,274,586",,,,,,,,,,,,,,,
2017-05-02,"4,288,647",,,,,,,,,,,,,,,
2017-05-03,"4,304,500",,,,,,,,,,,,,,,
2017-05-04,"4,319,207",,,,,,,,,,,,,,,
2017-05-05,"4,341,794",,,,,,,,,,,,,,,
2017-05-06,"4,358,293",,,,,,,,,,,,,,,
2017-05-07,"4,366,686",,,,,,,,,,,,,,,
2017-05-08,"4,372,185",,,,,,,,,,,,,,,
2017-05-09,"4,375,369",,,,,,,,,,,,,,,
2017-05-10,"4,378,565",,,,,,,,,,,,,,,
2017-05-11,"4,382,635",,,,,,,,,,,,,,,
2017-05-12,"4,385,833",,,,,,,,,,,,,,,
2017-05-13,"4,388,740",,,,,,,,,,,,,,,
2017-05-14,"4,385,542",,,,,,,,,,,,,,,
2017-05-15,"4,385,542",,,,,,,,,,,,,,,
2017-05-16,"4,382,926",,,,,,,,,,,,,,,
2017-05-17,"4,381,472",,,,,,,,,,,,,,,
2017-05-18,"4,380,309",,,,,,,,,,,,,,,
2017-05-19,"4,380,891",,,,,,,,,,,,,,,
2017-05-20,"4,379,728",,,,,,,,,,,,,,,
2017-05-21,"4,377,402",,,,,,,,,,,,,,,
2017-05-22,"4,377,693",,,,,,,,,,,,,,,
2017-05-23,"4,377,984",,,,,,,,,,,,,,,
2017-05-24,"4,373,343",,,,,,,,,,,,,,,
2017-05-25,"4,374,500",,,,,,,,,,,,,,,
2017-05-26,"4,374,790",,,,,,,,,,,,,,,
2017-05-27,"4,369,002",,,,,,,,,,,,,,,
2017-05-28,"4,366,397",,,,,,,,,,,,,,,
2017-05-29,"4,362,056",,,,,,,,,,,,,,,
2017-05-30,"4,358,583",,,,,,,,,,,,,,,
2017-05-31,"4,353,084",,,,,,,,,,,,,,,
2017-06-01,"4,348,164",,,,,,,,,,,,,,,
2017-06-02,"4,344,980",,,,,,,,,,,,,,,
2017-06-03,"4,341,505",,,,,,,,,,,,,,,
2017-06-04,"4,339,767",,,,,,,,,,,,,,,
2017-06-05,"4,336,292",,,,,,,,,,,,,,,
2017-06-06,"4,332,238",,,,,,,,,,,,,,,
2017-06-07,"4,325,578",,,,,,,,,,,,,,,
2017-06-08,"4,323,840",,,,,,,,,,,,,,,
2017-06-09,"4,322,971",,,,,,,,,,,,,,,
2017-06-10,"4,318,338",,,,,,,,,,,,,,,
2017-06-11,"4,312,859",,,,,,,,,,,,,,,
2017-06-12,"4,308,823",,,,,,,,,,,,,,,
2017-06-13,"4,309,688",,,,,,,,,,,,,,,
2017-06-14,"4,305,653",,,,,,,,,,,,,,,
2017-06-15,"4,302,482",,,,,,,,,,,,,,,
2017-06-16,"4,299,888",,,,,,,,,,,,,,,
2017-06-17,"4,296,717",,,,,,,,,,,,,,,
2017-06-18,"4,291,240",,,,,,,,,,,,,,,
2017-06-19,"4,286,064",,,,,,,,,,,,,,,
2017-06-20,"4,280,038",,,,,,,,,,,,,,,
2017-06-21,"4,271,716",,,,,,,,,,,,,,,
2017-06-22,"4,263,968",,,,,,,,,,,,,,,
2017-06-23,"4,258,810",,,,,,,,,,,,,,,
2017-06-24,"4,251,386",,,,,,,,,,,,,,,
2017-06-25,"4,247,674",,,,,,,,,,,,,,,
2017-06-26,"4,237,965",,,,,,,,,,,,,,,
2017-06-27,"4,231,114",,,,,,,,,,,,,,,
2017-06-28,"4,224,007",,,,,,,,,,,,,,,
2017-06-29,"4,218,037",,,,,,,,,,,,,,,
2017-06-30,"4,211,498",,,,,,,,,,,,,,,
2017-07-01,"4,204,391",,,,,,,,,,,,,,,
2017-07-02,"4,196,464",,,,,,,,,,,,,,,
2017-07-03,"4,190,805",,,,,,,,,,,,,,,
2017-07-04,"4,182,883",,,,,,,,,,,,,,,
2017-07-05,"4,174,961",,,,,,,,,,,,,,,
2017-07-06,"4,166,795",,,,,,,,,,,,,,,
2017-07-07,"4,156,658",,,,,,,,,,,,,,,
2017-07-08,"4,148,492",,,,,,,,,,,,,,,
2017-07-09,"4,140,075",,,,,,,,,,,,,,,
2017-07-10,"4,133,348",,,,,,,,,,,,,,,
2017-07-11,"4,123,258",,,,,,,,,,,,,,,
2017-07-12,"4,114,588",,,,,,,,,,,,,,,
2017-07-13,"4,106,497",,,,,,,,,,,,,,,
2017-07-14,"4,102,871",,,,,,,,,,,,,,,
2017-07-15,"4,095,896",,,,,,,,,,,,,,,
2017-07-16,"4,088,097",,,,,,,,,,,,,,,
2017-07-17,"4,077,269",,,,,,,,,,,,,,,
2017-07-18,"4,070,605",,,,,,,,,,,,,,,
2017-07-19,"4,064,219",,,,,,,,,,,,,,,
2017-07-20,"4,053,436",,,,,,,,,,,,,,,
2017-07-21,"4,042,105",,,,,,,,,,,,,,,
2017-07-22,"4,031,897",,,,,,,,,,,,,,,
2017-07-23,"4,022,821",,,,,,,,,,,,,,,
2017-07-24,"4,012,920",,,,,,,,,,,,,,,
2017-07-25,"4,001,399",,,,,,,,,,,,,,,
2017-07-26,"3,989,080",,,,,,,,,,,,,,,
2017-07-27,"3,979,504",,,,,,,,,,,,,,,
2017-07-28,"3,971,875",,,,,,,,,,,,,,,
2017-07-29,"3,960,704",,,,,,,,,,,,,,,
2017-07-30,"3,950,636",,,,,,,,,,,,,,,
2017-07-31,"3,941,688",,,,,,,,,,,,,,,
2017-08-01,"3,933,553",,,,,,,,,,,,,,,
2017-08-02,"3,924,613",,,,,,,,,,,,,,,
2017-08-03,"3,915,438",,,,,,,,,,,,,,,
2017-08-04,"3,904,915",,,,,,,,,,,,,,,
2017-08-05,"3,895,488",,,,,,,,,,,,,,,
2017-08-06,"3,885,282",,,,,,,,,,,,,,,
2017-08-07,"3,876,956",,,,,,,,,,,,,,,
2017-08-08,"3,867,045",,,,,,,,,,,,,,,
2017-08-09,"3,858,492",,,,,,,,,,,,,,,
2017-08-10,"3,847,534",,,,,,,,,,,,,,,
2017-08-11,"3,833,160",,,,,,,,,,,,,,,
2017-08-12,"3,823,583",,,,,,,,,,,,,,,
2017-08-13,"3,813,766",,,,,,,,,,,,,,,
2017-08-14,"3,802,649",,,,,,,,,,,,,,,
2017-08-15,"3,789,146",,,,,,,,,,,,,,,
2017-08-16,"3,777,491",,,,,,,,,,,,,,,
2017-08-17,"3,767,425",,,,,,,,,,,,,,,
2017-08-18,"3,757,930",,,,,,,,,,,,,,,
2017-08-19,"3,748,441",,,,,,,,,,,,,,,
2017-08-20,"3,736,859",,,,,,,,,,,,,,,
2017-08-21,"3,726,631",,,,,,,,,,,,,,,
2017-08-22,"3,714,304",,,,,,,,,,,,,,,
2017-08-23,"3,702,032",,,,,,,,,,,,,,,
2017-08-24,"3,692,896",,,,,,,,,,,,,,,
2017-08-25,"3,682,480",,,,,,,,,,,,,,,
2017-08-26,"3,671,571",,,,,,,,,,,,,,,
2017-08-27,"3,661,442",,,,,,,,,,,,,,,
2017-08-28,"3,651,362",,,,,,,,,,,,,,,
2017-08-29,"3,641,799",,,,,,,,,,,,,,,
2017-08-30,"3,633,538",,,,,,,,,,,,,,,
2017-08-31,"3,626,594",,,,,,,,,,,,,,,
2017-09-01,"3,618,877",,,,,,,,,,,,,,,
2017-09-02,"3,611,933",,,,,,,,,,,,,,,
2017-09-03,"3,604,501",,,,,,,,,,,,,,,
2017-09-04,"3,595,799",,,,,,,,,,,,,,,
2017-09-05,"3,588,122",,,,,,,,,,,,,,,
2017-09-06,"3,581,227",,,,,,,,,,,,,,,
2017-09-07,"3,574,352",,,,,,,,,,,,,,,
2017-09-08,"3,566,458",,,,,,,,,,,,,,,
2017-09-09,"3,557,551",,,,,,,,,,,,,,,
2017-09-10,"3,548,682",,,,,,,,,,,,,,,
2017-09-11,"3,540,320",,,,,,,,,,,,,,,
2017-09-12,"3,531,209",,,,,,,,,,,,,,,
2017-09-13,"3,525,410",,,,,,,,,,,,,,,
2017-09-14,"3,518,854",,,,,,,,,,,,,,,
2017-09-15,"3,511,290",,,,,,,,,,,,,,,
2017-09-16,"3,505,504",,,,,,,,,,,,,,,
2017-09-17,"3,496,220",,,,,,,,,,,,,,,
2017-09-18,"3,488,191",,,,,,,,,,,,,,,
2017-09-19,"3,479,928",,,,,,,,,,,,,,,
2017-09-20,"3,470,192",,,,,,,,,,,,,,,
2017-09-21,"3,461,705",,,,,,,,,,,,,,,
2017-09-22,"3,452,000",,,,,,,,,,,,,,,
2017-09-23,"3,443,803",,,,,,,,,,,,,,,
2017-09-24,"3,433,371",,,,,,,,,,,,,,,
2017-09-25,"3,425,215",,,,,,,,,,,,,,,
2017-09-26,"3,417,058",,,,,,,,,,,,,,,
2017-09-27,"3,408,902",,,,,,,,,,,,,,,
2017-09-28,"3,400,047",,,,,,,,,,,,,,,
2017-09-29,"3,391,440",,,,,,,,,,,,,,,
2017-09-30,"3,381,860",,,,,,,,,,,,,,,
2017-10-01,"3,373,541",,,,,,,,,,,,,,,
2017-10-02,"3,361,797",,,,,,,,,,,,,,,
2017-10-03,"3,354,726",,,,,,,,,,,,,,,
2017-10-04,"3,349,857",,,,,,,,,,,,,,,
2017-10-05,"3,342,554",,,,,,,,,,,,,,,
2017-10-06,"3,336,955",,,,,,,,,,,,,,,
2017-10-07,"3,332,102",,,,,,,,,,,,,,,
2017-10-08,"3,326,046",,,,,,,,,,,,,,,
2017-10-09,"3,320,232",,,,,,,,,,,,,,,
2017-10-10,"3,316,356",,,,,,,,,,,,,,,
2017-10-11,"3,309,099",,,,,,,,,,,,,,,
2017-10-12,"3,300,665",,,,,,,,,,,,,,,
2017-10-13,"3,292,713",,,,,,,,,,,,,,,
2017-10-14,"3,286,207",,,,,,,,,,,,,,,
2017-10-15,"3,279,228",,,,,,,,,,,,,,,
2017-10-16,"3,272,007",,,,,,,,,,,,,,,
2017-10-17,"3,265,269",,,,,,,,,,,,,,,
2017-10-18,"3,258,552",,,,,,,,,,,,,,,
2017-10-19,"3,253,285",,,,,,,,,,,,,,,
2017-10-20,"3,247,539",,,,,,,,,,,,,,,
2017-10-21,"3,242,990",,,,,,,,,,,,,,,
2017-10-22,"3,238,205",,,,,,,,,,,,,,,
2017-10-23,"3,231,773",,,,,,,,,,,,,,,
2017-10-24,"3,224,150",,,,,,,,,,,,,,,
2017-10-25,"3,216,526",,,,,,,,,,,,,,,
2017-10-26,"3,210,595",,,,,,,,,,,,,,,
2017-10-27,"3,205,619",,,,,,,,,,,,,,,
2017-10-28,"3,199,458",,,,,,,,,,,,,,,
2017-10-29,"3,191,401",,,,,,,,,,,,,,,
2017-10-30,"3,184,327",,,,,,,,,,,,,,,
2017-10-31,"3,176,781",,,,,,,,,,,,,,,
2017-11-01,"3,170,414",,,,,,,,,,,,,,,
2017-11-02,"3,163,598",,,,,,,,,,,,,,,
2017-11-03,"3,160,314",,,,,,,,,,,,,,,
2017-11-04,"3,153,512",,,,,,,,,,,,,,,
2017-11-05,"3,149,056",,,,,,,,,,,,,,,
2017-11-06,"3,146,476",,,,,,,,,,,,,,,
2017-11-07,"3,142,732",,,,,,,,,,,,,,,
2017-11-08,"3,142,032",,,,,,,,,,,,,,,
2017-11-09,"3,143,665",,,,,,,,,,,,,,,
2017-11-10,"3,146,007",,,,,,,,,,,,,,,
2017-11-11,"3,147,414",,,,,,,,,,,,,,,
2017-11-12,"3,149,291",,,,,,,,,,,,,,,
2017-11-13,"3,157,500",,,,,,,,,,,,,,,
2017-11-14,"3,160,080",,,,,,,,,,,,,,,
2017-11-15,"3,168,292",,,,,,,,,,,,,,,
2017-11-16,"3,174,423",,,,,,,,,,,,,,,
2017-11-17,"3,181,497",,,,,,,,,,,,,,,
2017-11-18,"3,187,628",,,,,,,,,,,,,,,
2017-11-19,"3,189,750",,,,,,,,,,,,,,,
2017-11-20,"3,192,112",,,,,,,,,,,,,,,
2017-11-21,"3,194,955",,,,,,,,,,,,,,,
2017-11-22,"3,193,060",,,,,,,,,,,,,,,
2017-11-23,"3,190,694",,,,,,,,,,,,,,,
2017-11-24,"3,191,638",,,,,,,,,,,,,,,
2017-11-25,"3,192,823",,,,,,,,,,,,,,,
2017-11-26,"3,207,277",,,,,,,,,,,,,,,
2017-11-27,"3,213,912",,,,,,,,,,,,,,,
2017-11-28,"3,216,526",,,,,,,,,,,,,,,
2017-11-29,"3,218,909",,,,,,,,,,,,,,,
2017-11-30,"3,221,291",,,,,,,,,,,,,,,
2017-12-01,"3,224,864",,,,,,,,,,,,,,,
2017-12-02,"3,228,200",,,,,,,,,,,,,,,
2017-12-03,"3,229,629",,,,,,,,,,,,,,,
2017-12-04,"3,228,914",,,,,,,,,,,,,,,
2017-12-05,"3,225,579",,,,,,,,,,,,,,,
2017-12-06,"3,225,341",,,,,,,,,,,,,,,
2017-12-07,"3,225,817",,,,,,,,,,,,,,,
2017-12-08,"3,225,103",,,,,,,,,,,,,,,
2017-12-09,"3,225,579",,,,,,,,,,,,,,,
2017-12-10,"3,226,294",,,,,,,,,,,,,,,
2017-12-11,"3,224,150",,,,,,,,,,,,,,,
2017-12-12,"3,224,626",,,,,,,,,,,,,,,
2017-12-13,"3,221,529",,,,,,,,,,,,,,,
2017-12-14,"3,220,815",,,,,,,,,,,,,,,
2017-12-15,"3,220,100",,,,,,,,,,,,,,,
2017-12-16,"3,217,956",,,,,,,,,,,,,,,
2017-12-17,"3,216,050",,,,,,,,,,,,,,,
2017-12-18,"3,216,288",,,,,,,,,,,,,,,
2017-12-19,"3,214,860",,,,,,,,,,,,,,,
2017-12-20,"3,214,386",,,,,,,,,,,,,,,
2017-12-21,"3,213,201",,,,,,,,,,,,,,,
2017-12-22,"3,211,306",,,,,,,,,,,,,,,
2017-12-23,"3,211,306",,,,,,,,,,,,,,,
2017-12-24,"3,210,595",,,,,,,,,,,,,,,
2017-12-25,"3,209,647",,,,,,,,,,,,,,,
2017-12-26,"3,208,462",,,,,,,,,,,,,,,
2017-12-27,"3,208,699",,,,,,,,,,,,,,,
2017-12-28,"3,206,566",,,,,,,,,,,,,,,
2017-12-29,"3,204,671",,,,,,,,,,,,,,,
2017-12-30,"3,204,671",,,,,,,,,,,,,,,
2017-12-31,"3,202,775",,,,,,,,,,,,,,,
2018-01-01,"3,203,249",,,,,,,,,,,,,,,
2018-01-02,"3,202,064",,,,,,,,,,,,,,,
2018-01-03,"3,203,723",,,,,,,,,,,,,,,
2018-01-04,"3,206,566",,,,,,,,,,,,,,,
2018-01-05,"3,210,358",,,,,,,,,,,,,,,
2018-01-06,"3,215,097",,,,,,,,,,,,,,,
2018-01-07,"3,217,003",,,,,,,,,,,,,,,
2018-01-08,"3,229,391",,,,,,,,,,,,,,,
2018-01-09,"3,237,014",,,,,,,,,,,,,,,
2018-01-10,"3,242,032",,,,,,,,,,,,,,,
2018-01-11,"3,243,230",,,,,,,,,,,,,,,
2018-01-12,"3,247,060",,,,,,,,,,,,,,,
2018-01-13,"3,252,088",,,,,,,,,,,,,,,
2018-01-14,"3,258,074",,,,,,,,,,,,,,,
2018-01-15,"3,261,425",,,,,,,,,,,,,,,
2018-01-16,"3,264,547",,,,,,,,,,,,,,,
2018-01-17,"3,268,638",,,,,,,,,,,,,,,
2018-01-18,"3,275,377",,,,,,,,,,,,,,,
2018-01-19,"3,278,506",,,,,,,,,,,,,,,
2018-01-20,"3,283,319",,,,,,,,,,,,,,,
2018-01-21,"3,289,339",,,,,,,,,,,,,,,
2018-01-22,"3,294,640",,,,,,,,,,,,,,,
2018-01-23,"3,298,014",,,,,,,,,,,,,,,
2018-01-24,"3,306,207",,,,,,,,,,,,,,,
2018-01-25,"3,312,723",,,,,,,,,,,,,,,
2018-01-26,"3,320,474",,,,,,,,,,,,,,,
2018-01-27,"3,326,288",,,,,,,,,,,,,,,
2018-01-28,"3,331,617",,,,,,,,,,,,,,,
2018-01-29,"3,337,685",,,,,,,,,,,,,,,
2018-01-30,"3,344,502",,,,,,,,,,,,,,,
2018-01-31,"3,349,127",,,,,,,,,,,,,,,
2018-02-01,"3,351,561",,,,,,,,,,,,,,,
2018-02-02,"3,353,509",,,,,,,,,,,,,,,
2018-02-03,"3,356,674",,,,,,,,,,,,,,,
2018-02-04,"3,360,574",,,,,,,,,,,,,,,
2018-02-05,"3,363,020",,,,,,,,,,,,,,,
2018-02-06,"3,367,914",,,,,,,,,,,,,,,
2018-02-07,"3,366,446",,,,,,,,,,,,,,,
2018-02-08,"3,364,978",,,,,,,,,,,,,,,
2018-02-09,"3,369,137",,,,,,,,,,,,,,,
2018-02-10,"3,374,520",,,,,,,,,,,,,,,
2018-02-11,"3,377,456",,,,,,,,,,,,,,,
2018-02-12,"3,379,413",,,,,,,,,,,,,,,
2018-02-13,"3,378,679",,,,,,,,,,,,,,,
2018-02-14,"3,378,679",,,,,,,,,,,,,,,
2018-02-15,"3,380,392",,,,,,,,,,,,,,,
2018-02-16,"3,380,637",,,,,,,,,,,,,,,
2018-02-17,"3,385,046",,,,,,,,,,,,,,,
2018-02-18,"3,389,718",,,,,,,,,,,,,,,
2018-02-19,"3,393,653",,,,,,,,,,,,,,,
2018-02-20,"3,394,145",,,,,,,,,,,,,,,
2018-02-21,"3,395,867",,,,,,,,,,,,,,,
2018-02-22,"3,397,588",,,,,,,,,,,,,,,
2018-02-23,"3,401,277",,,,,,,,,,,,,,,
2018-02-24,"3,405,458",,,,,,,,,,,,,,,
2018-02-25,"3,408,409",,,,,,,,,,,,,,,
2018-02-26,"3,409,891",,,,,,,,,,,,,,,
2018-02-27,"3,411,127",,,,,,,,,,,,,,,
2018-02-28,"3,413,598",,,,,,,,,,,,,,,
2018-03-01,"3,424,968",,,,,,,,,,,,,,,
2018-03-02,"3,431,147",,,,,,,,,,,,,,,
2018-03-03,"3,435,358",,,,,,,,,,,,,,,
2018-03-04,"3,439,829",,,,,,,,,,,,,,,
2018-03-05,"3,443,307",,,,,,,,,,,,,,,
2018-03-06,"3,446,287",,,,,,,,,,,,,,,
2018-03-07,"3,449,765",,,,,,,,,,,,,,,
2018-03-08,"3,454,236",,,,,,,,,,,,,,,
2018-03-09,"3,457,962",,,,,,,,,,,,,,,
2018-03-10,"3,463,203",,,,,,,,,,,,,,,
2018-03-11,"3,469,943",,,,,,,,,,,,,,,
2018-03-12,"3,476,683",,,,,,,,,,,,,,,
2018-03-13,"3,492,206",,,,,,,,,,,,,,,
2018-03-14,"3,518,602",,,,,,,,,,,,,,,
2018-03-15,"3,543,867",,,,,,,,,,,,,,,
2018-03-16,"3,563,656",,,,,,,,,,,,,,,
2018-03-17,"3,580,973",,,,,,,,,,,,,,,
2018-03-18,"3,595,288",,,,,,,,,,,,,,,
2018-03-19,"3,605,524",,,,,,,,,,,,,,,
2018-03-20,"3,619,135",,,,,,,,,,,,,,,
2018-03-21,"3,639,473",,,,,,,,,,,,,,,
2018-03-22,"3,691,330",,,,,,,,,,,,,,,
2018-03-23,"3,729,778",,,,,,,,,,,,,,,
2018-03-24,"3,759,247",,,,,,,,,,,,,,,
2018-03-25,"3,785,703",,,,,,,,,,,,,,,
2018-03-26,"3,805,296",,,,,,,,,,,,,,,
2018-03-27,"3,824,381",,,,,,,,,,,,,,,
2018-03-28,"3,838,480",,,,,,,,,,,,,,,
2018-03-29,"3,852,077",,,,,,,,,,,,,,,
2018-03-30,"3,865,441",,,,,,,,,,,,,,,
2018-03-31,"3,879,642",,,,,,,,,,,,,,,
2018-04-01,"3,893,071",,,,,,,,,,,,,,,
2018-04-02,"3,904,105",,,,,,,,,,,,,,,
2018-04-03,"3,912,470",,,,,,,,,,,,,,,
2018-04-04,"3,922,994",,,,,,,,,,,,,,,
2018-04-05,"3,933,824",,,,,,,,,,,,,,,
2018-04-06,"3,949,822",,,,,,,,,,,,,,,
2018-04-07,"3,983,605",,,,,,,,,,,,,,,
2018-04-08,"4,009,069",,,,,,,,,,,,,,,
2018-04-09,"4,030,797",,,,,,,,,,,,,,,
2018-04-10,"4,047,632",,,,,,,,,,,,,,,
2018-04-11,"4,064,496",,,,,,,,,,,,,,,
2018-04-12,"4,079,212",,,,,,,,,,,,,,,
2018-04-13,"4,091,990",,,,,,,,,,,,,,,
2018-04-14,"4,104,545",,,,,,,,,,,,,,,
2018-04-15,"4,119,334",,,,,,,,,,,,,,,
2018-04-16,"4,129,424",,,,,,,,,,,,,,,
2018-04-17,"4,137,833",,,,,,,,,,,,,,,
2018-04-18,"4,151,307",,,,,,,,,,,,,,,
2018-04-19,"4,161,163",,,,,,,,,,,,,,,
2018-04-20,"4,167,921",,,,,,,,,,,,,,,
2018-04-21,"4,177,790",,,,,,,,,,,,,,,
2018-04-22,"4,188,542",,,,,,,,,,,,,,,
2018-04-23,"4,193,069",,,,,,,,,,,,,,,
2018-04-24,"4,198,727",,,,,,,,,,,,,,,
2018-04-25,"4,199,010",,,,,,,,,,,,,,,
2018-04-26,"4,200,425",,,,,,,,,,,,,,,
2018-04-27,"4,198,161",,,,,,,,,,,,,,,
2018-04-28,"4,197,595",,,,,,,,,,,,,,,
2018-04-29,"4,194,766",,,,,,,,,,,,,,,
2018-04-30,"4,194,766",,,,,,,,,,,,,,,
2018-05-01,"4,193,069",,,,,,,,,,,,,,,
2018-05-02,"4,190,522",,,,,,,,,,,,,,,
2018-05-03,"4,184,581",,,,,,,,,,,,,,,
2018-05-04,"4,183,449",,,,,,,,,,,,,,,
2018-05-05,"4,177,507",,,,,,,,,,,,,,,
2018-05-06,"4,170,737",,,,,,,,,,,,,,,
2018-05-07,"4,163,979",,,,,,,,,,,,,,,
2018-05-08,"4,157,221",,,,,,,,,,,,,,,
2018-05-09,"4,150,181",,,,,,,,,,,,,,,
2018-05-10,"4,142,317",,,,,,,,,,,,,,,
2018-05-11,"4,135,590",,,,,,,,,,,,,,,
2018-05-12,"4,130,265",,,,,,,,,,,,,,,
2018-05-13,"4,123,818",,,,,,,,,,,,,,,
2018-05-14,"4,114,030",,,,,,,,,,,,,,,
2018-05-15,"4,109,287",,,,,,,,,,,,,,,
2018-05-16,"4,098,128",,,,,,,,,,,,,,,
2018-05-17,"4,086,709",,,,,,,,,,,,,,,
2018-05-18,"4,077,824",,,,,,,,,,,,,,,
2018-05-19,"4,065,052",,,,,,,,,,,,,,,
2018-05-20,"4,052,054",,,,,,,,,,,,,,,
2018-05-21,"4,041,276",,,,,,,,,,,,,,,
2018-05-22,"4,033,548",,,,,,,,,,,,,,,
2018-05-23,"4,031,072",,,,,,,,,,,,,,,
2018-05-24,"4,021,996",,,,,,,,,,,,,,,
2018-05-25,"4,014,020",,,,,,,,,,,,,,,
2018-05-26,"4,004,958",,,,,,,,,,,,,,,
2018-05-27,"3,993,460",,,,,,,,,,,,,,,
2018-05-28,"3,988,259",,,,,,,,,,,,,,,
2018-05-29,"3,979,504",,,,,,,,,,,,,,,
2018-05-30,"3,966,153",,,,,,,,,,,,,,,
2018-05-31,"3,955,254",,,,,,,,,,,,,,,
2018-06-01,"3,947,924",,,,,,,,,,,,,,,
2018-06-02,"3,942,501",,,,,,,,,,,,,,,
2018-06-03,"3,937,620",,,,,,,,,,,,,,,
2018-06-04,"3,930,570",,,,,,,,,,,,,,,
2018-06-05,"3,924,883",,,,,,,,,,,,,,,
2018-06-06,"3,915,169",,,,,,,,,,,,,,,
2018-06-07,"3,905,184",,,,,,,,,,,,,,,
2018-06-08,"3,897,637",,,,,,,,,,,,,,,
2018-06-09,"3,888,773",,,,,,,,,,,,,,,
2018-06-10,"3,879,910",,,,,,,,,,,,,,,
2018-06-11,"3,868,915",,,,,,,,,,,,,,,
2018-06-12,"3,860,096",,,,,,,,,,,,,,,
2018-06-13,"3,854,750",,,,,,,,,,,,,,,
2018-06-14,"3,843,535",,,,,,,,,,,,,,,
2018-06-15,"3,838,214",,,,,,,,,,,,,,,
2018-06-16,"3,828,371",,,,,,,,,,,,,,,
2018-06-17,"3,814,295",,,,,,,,,,,,,,,
2018-06-18,"3,801,325",,,,,,,,,,,,,,,
2018-06-19,"3,788,352",,,,,,,,,,,,,,,
2018-06-20,"3,773,252",,,,,,,,,,,,,,,
2018-06-21,"3,761,092",,,,,,,,,,,,,,,
2018-06-22,"3,748,178",,,,,,,,,,,,,,,
2018-06-23,"3,735,810",,,,,,,,,,,,,,,
2018-06-24,"3,721,647",,,,,,,,,,,,,,,
2018-06-25,"3,705,164",,,,,,,,,,,,,,,
2018-06-26,"3,694,463",,,,,,,,,,,,,,,
2018-06-27,"3,682,480",,,,,,,,,,,,,,,
2018-06-28,"3,666,117",,,,,,,,,,,,,,,
2018-06-29,"3,653,430",,,,,,,,,,,,,,,
2018-06-30,"3,641,799",,,,,,,,,,,,,,,
2018-07-01,"3,624,536",,,,,,,,,,,,,,,
2018-07-02,"3,612,447",,,,,,,,,,,,,,,
2018-07-03,"3,599,382",,,,,,,,,,,,,,,
2018-07-04,"3,583,264",,,,,,,,,,,,,,,
2018-07-05,"3,569,259",,,,,,,,,,,,,,,
2018-07-06,"3,550,709",,,,,,,,,,,,,,,
2018-07-07,"3,534,745",,,,,,,,,,,,,,,
2018-07-08,"3,518,854",,,,,,,,,,,,,,,
2018-07-09,"3,503,748",,,,,,,,,,,,,,,
2018-07-10,"3,489,195",,,,,,,,,,,,,,,
2018-07-11,"3,474,436",,,,,,,,,,,,,,,
2018-07-12,"3,457,713",,,,,,,,,,,,,,,
2018-07-13,"3,440,823",,,,,,,,,,,,,,,
2018-07-14,"3,421,507",,,,,,,,,,,,,,,
2018-07-15,"3,406,933",,,,,,,,,,,,,,,
2018-07-16,"3,390,456",,,,,,,,,,,,,,,
2018-07-17,"3,375,499",,,,,,,,,,,,,,,
2018-07-18,"3,360,574",,,,,,,,,,,,,,,
2018-07-19,"3,343,285",,,,,,,,,,,,,,,
2018-07-20,"3,329,922",,,,,,,,,,,,,,,
2018-07-21,"3,313,207",,,,,,,,,,,,,,,
2018-07-22,"3,300,665",,,,,,,,,,,,,,,
2018-07-23,"3,283,078",,,,,,,,,,,,,,,
2018-07-24,"3,268,879",,,,,,,,,,,,,,,
2018-07-25,"3,254,482",,,,,,,,,,,,,,,
2018-07-26,"3,238,205",,,,,,,,,,,,,,,
2018-07-27,"3,222,244",,,,,,,,,,,,,,,
2018-07-28,"3,202,775",,,,,,,,,,,,,,,
2018-07-29,"3,183,148",,,,,,,,,,,,,,,
2018-07-30,"3,165,709",,,,,,,,,,,,,,,
2018-07-31,"3,146,945",,,,,,,,,,,,,,,
2018-08-01,"3,127,330",,,,,,,,,,,,,,,
2018-08-02,"3,107,566",,,,,,,,,,,,,,,
2018-08-03,"3,087,656",,,,,,,,,,,,,,,
2018-08-04,"3,068,520",,,,,,,,,,,,,,,
2018-08-05,"3,050,607",,,,,,,,,,,,,,,
2018-08-06,"3,032,323",,,,,,,,,,,,,,,
2018-08-07,"3,013,891",,,,,,,,,,,,,,,
2018-08-08,"3,000,735",,,,,,,,,,,,,,,
2018-08-09,"2,987,619",,,,,,,,,,,,,,,
2018-08-10,"2,972,973",,,,,,,,,,,,,,,
2018-08-11,"2,957,692",,,,,,,,,,,,,,,
2018-08-12,"2,940,462",,,,,,,,,,,,,,,
2018-08-13,"2,926,205",,,,,,,,,,,,,,,
2018-08-14,"2,910,875",,,,,,,,,,,,,,,
2018-08-15,"2,897,148",,,,,,,,,,,,,,,
2018-08-16,"2,884,358",,,,,,,,,,,,,,,
2018-08-17,"2,870,272",,,,,,,,,,,,,,,
2018-08-18,"2,856,470",,,,,,,,,,,,,,,
2018-08-19,"2,840,747",,,,,,,,,,,,,,,
2018-08-20,"2,825,504",,,,,,,,,,,,,,,
2018-08-21,"2,812,694",,,,,,,,,,,,,,,
2018-08-22,"2,801,433",,,,,,,,,,,,,,,
2018-08-23,"2,789,988",,,,,,,,,,,,,,,
2018-08-24,"2,773,638",,,,,,,,,,,,,,,
2018-08-25,"2,763,757",,,,,,,,,,,,,,,
2018-08-26,"2,752,862",,,,,,,,,,,,,,,
2018-08-27,"2,738,995",,,,,,,,,,,,,,,
2018-08-28,"2,727,308",,,,,,,,,,,,,,,
2018-08-29,"2,715,440",,,,,,,,,,,,,,,
2018-08-30,"2,703,817",,,,,,,,,,,,,,,
2018-08-31,"2,691,395",,,,,,,,,,,,,,,
2018-09-01,"2,677,949",,,,,,,,,,,,,,,
2018-09-02,"2,664,361",,,,,,,,,,,,,,,
2018-09-03,"2,654,763",,,,,,,,,,,,,,,
2018-09-04,"2,642,704",,,,,,,,,,,,,,,
2018-09-05,"2,631,303",,,,,,,,,,,,,,,
2018-09-06,"2,623,239",,,,,,,,,,,,,,,
2018-09-07,"2,612,509",,,,,,,,,,,,,,,
2018-09-08,"2,602,639",,,,,,,,,,,,,,,
2018-09-09,"2,594,014",,,,,,,,,,,,,,,
2018-09-10,"2,585,424",,,,,,,,,,,,,,,
2018-09-11,"2,576,221",,,,,,,,,,,,,,,
2018-09-12,"2,561,440",,,,,,,,,,,,,,,
2018-09-13,"2,550,693",,,,,,,,,,,,,,,
2018-09-14,"2,540,326",,,,,,,,,,,,,,,
2018-09-15,"2,530,817",,,,,,,,,,,,,,,
2018-09-16,"2,522,973",,,,,,,,,,,,,,,
2018-09-17,"2,513,528",,,,,,,,,,,,,,,
2018-09-18,"2,502,125",,,,,,,,,,,,,,,
2018-09-19,"2,493,333",,,,,,,,,,,,,,,
2018-09-20,"2,485,375",,,,,,,,,,,,,,,
2018-09-21,"2,478,413",,,,,,,,,,,,,,,
2018-09-22,"2,468,899",,,,,,,,,,,,,,,
2018-09-23,"2,460,987",,,,,,,,,,,,,,,
2018-09-24,"2,455,054",,,,,,,,,,,,,,,
2018-09-25,"2,445,612",,,,,,,,,,,,,,,
2018-09-26,"2,436,956",,,,,,,,,,,,,,,
2018-09-27,"2,428,929",,,,,,,,,,,,,,,
2018-09-28,"2,419,931",,,,,,,,,,,,,,,
2018-09-29,"2,412,317",,,,,,,,,,,,,,,
2018-09-30,"2,405,109",,,,,,,,,,,,,,,
2018-10-01,"2,399,264",,,,,,,,,,,,,,,
2018-10-02,"2,390,724",,,,,,,,,,,,,,,
2018-10-03,"2,386,656",,,,,,,,,,,,,,,
2018-10-04,"2,379,294",,,,,,,,,,,,,,,
2018-10-05,"2,373,503",,,,,,,,,,,,,,,
2018-10-06,"2,372,155",,,,,,,,,,,,,,,
2018-10-07,"2,364,449",,,,,,,,,,,,,,,
2018-10-08,"2,356,559",,,,,,,,,,,,,,,
2018-10-09,"2,348,132",,,,,,,,,,,,,,,
2018-10-10,"2,338,366",,,,,,,,,,,,,,,
2018-10-11,"2,331,128",,,,,,,,,,,,,,,
2018-10-12,"2,321,795",,,,,,,,,,,,,,,
2018-10-13,"2,315,156",,,,,,,,,,,,,,,
2018-10-14,"2,307,203",,,,,,,,,,,,,,,
2018-10-15,"2,300,954",,,,,,,,,,,,,,,
2018-10-16,"2,289,656",,,,,,,,,,,,,,,
2018-10-17,"2,281,187",,,,,,,,,,,,,,,
2018-10-18,"2,276,507",,,,,,,,,,,,,,,
2018-10-19,"2,271,077",,,,,,,,,,,,,,,
2018-10-20,"2,260,236",,,,,,,,,,,,,,,
2018-10-21,"2,250,929",,,,,,,,,,,,,,,
2018-10-22,"2,243,490",,,,,,,,,,,,,,,
2018-10-23,"2,235,902",,,,,,,,,,,,,,,
2018-10-24,"2,231,090",,,,,,,,,,,,,,,
2018-10-25,"2,225,357",,,,,,,,,,,,,,,
2018-10-26,"2,219,837",,,,,,,,,,,,,,,
2018-10-27,"2,213,580",,,,,,,,,,,,,,,
2018-10-28,"2,208,428",,,,,,,,,,,,,,,
2018-10-29,"2,201,472",,,,,,,,,,,,,,,
2018-10-30,"2,196,167",,,,,,,,,,,,,,,
2018-10-31,"2,191,045",,,,,,,,,,,,,,,
2018-11-01,"2,181,214",,,,,,,,,,,,,,,
2018-11-02,"2,176,303",,,,,,,,,,,,,,,
2018-11-03,"2,170,125",,,,,,,,,,,,,,,
2018-11-04,"2,167,593",,,,,,,,,,,,,,,
2018-11-05,"2,166,508",,,,,,,,,,,,,,,
2018-11-06,"2,162,892",,,,,,,,,,,,,,,
2018-11-07,"2,160,722",,,,,,,,,,,,,,,
2018-11-08,"2,157,467",,,,,,,,,,,,,,,
2018-11-09,"2,154,393",,,,,,,,,,,,,,,
2018-11-10,"2,153,850",,,,,,,,,,,,,,,
2018-11-11,"2,154,031",,,,,,,,,,,,,,,
2018-11-12,"2,152,228",,,,,,,,,,,,,,,
2018-11-13,"2,150,251",,,,,,,,,,,,,,,
2018-11-14,"2,148,093",,,,,,,,,,,,,,,
2018-11-15,"2,147,015",,,,,,,,,,,,,,,
2018-11-16,"2,147,914",,,,,,,,,,,,,,,
2018-11-17,"2,145,217",,,,,,,,,,,,,,,
2018-11-18,"2,144,858",,,,,,,,,,,,,,,
2018-11-19,"2,143,240",,,,,,,,,,,,,,,
2018-11-20,"2,142,341",,,,,,,,,,,,,,,
2018-11-21,"2,143,419",,,,,,,,,,,,,,,
2018-11-22,"2,149,172",,,,,,,,,,,,,,,
2018-11-23,"2,154,754",,,,,,,,,,,,,,,
2018-11-24,"2,154,935",,,,,,,,,,,,,,,
2018-11-25,"2,157,829",,,,,,,,,,,,,,,
2018-11-26,"2,153,850",,,,,,,,,,,,,,,
2018-11-27,"2,155,839",,,,,,,,,,,,,,,
2018-11-28,"2,156,563",,,,,,,,,,,,,,,
2018-11-29,"2,171,938",,,,,,,,,,,,,,,
2018-11-30,"2,177,030",,,,,,,,,,,,,,,
2018-12-01,"2,177,394",,,,,,,,,,,,,,,
2018-12-02,"2,178,667",,,,,,,,,,,,,,,
2018-12-03,"2,179,941",,,,,,,,,,,,,,,
2018-12-04,"2,182,487",,,,,,,,,,,,,,,
2018-12-05,"2,184,306",,,,,,,,,,,,,,,
2018-12-06,"2,183,942",,,,,,,,,,,,,,,
2018-12-07,"2,181,760",,,,,,,,,,,,,,,
2018-12-08,"2,182,123",,,,,,,,,,,,,,,
2018-12-09,"2,180,850",,,,,,,,,,,,,,,
2018-12-10,"2,183,033",,,,,,,,,,,,,,,
2018-12-11,"2,184,124",,,,,,,,,,,,,,,
2018-12-12,"2,183,215",,,,,,,,,,,,,,,
2018-12-13,"2,181,396",,,,,,,,,,,,,,,
2018-12-14,"2,180,668",,,,,,,,,,,,,,,
2018-12-15,"2,183,760",,,,,,,,,,,,,,,
2018-12-16,"2,197,631",,,,,,,,,,,,,,,
2018-12-17,"2,210,268",,,,,,,,,,,,,,,
2018-12-18,"2,217,813",,,,,,,,,,,,,,,
2018-12-19,"2,224,989",,,,,,,,,,,,,,,
2018-12-20,"2,230,905",,,,,,,,,,,,,,,
2018-12-21,"2,236,272",,,,,,,,,,,,,,,
2018-12-22,"2,240,528",,,,,,,,,,,,,,,
2018-12-23,"2,244,045",,,,,,,,,,,,,,,
2018-12-24,"2,251,301",,,,,,,,,,,,,,,
2018-12-25,"2,254,838",,,,,,,,,,,,,,,
2018-12-26,"2,258,933",,,,,,,,,,,,,,,
2018-12-27,"2,260,794",,,,,,,,,,,,,,,
2018-12-28,"2,265,273",,,,,,,,,,,,,,,
2018-12-29,"2,267,333",,,,,,,,,,,,,,,
2018-12-30,"2,266,210",,,,,,,,,,,,,,,
2018-12-31,"2,267,895",,,,,,,,,,,,,,,
2019-01-01,"2,270,141",,,,,,,,,,,,,,,
2019-01-02,"2,269,392",,,,,,,,,,,,,,,
2019-01-03,"2,267,895",,,,,,,,,,,,,,,
2019-01-04,"2,270,141",,,,,,,,,,,,,,,
2019-01-05,"2,281,000",,,,,,,,,,,,,,,
2019-01-06,"2,288,903",,,,,,,,,,,,,,,
2019-01-07,"2,297,376",,,,,,,,,,,,,,,
2019-01-08,"2,303,416",,,,,,,,,,,,,,,
2019-01-09,"2,354,069",,,,,,,,,,,,,,,
2019-01-10,"2,396,926",,,,,,,,,,,,,,,
2019-01-11,"2,417,388",,,,,,,,,,,,,,,
2019-01-12,"2,434,210",,,,,,,,,,,,,,,
2019-01-13,"2,445,218",,,,,,,,,,,,,,,
2019-01-14,"2,454,267",,,,,,,,,,,,,,,
2019-01-15,"2,471,273",,,,,,,,,,,,,,,
2019-01-16,"2,519,353",,,,,,,,,,,,,,,
2019-01-17,"2,584,197",,,,,,,,,,,,,,,
2019-01-18,"2,623,032",,,,,,,,,,,,,,,
2019-01-19,"2,661,016",,,,,,,,,,,,,,,
2019-01-20,"2,717,553",,,,,,,,,,,,,,,
2019-01-21,"2,760,766",,,,,,,,,,,,,,,
2019-01-22,"2,785,669",,,,,,,,,,,,,,,
2019-01-23,"2,812,477",,,,,,,,,,,,,,,
2019-01-24,"2,830,723",,,,,,,,,,,,,,,
2019-01-25,"2,845,105",,,,,,,,,,,,,,,
2019-01-26,"2,859,756",,,,,,,,,,,,,,,
2019-01-27,"2,874,226",,,,,,,,,,,,,,,
2019-01-28,"2,884,799",,,,,,,,,,,,,,,
2019-01-29,"2,893,389",,,,,,,,,,,,,,,
2019-01-30,"2,902,240",,,,,,,,,,,,,,,
2019-01-31,"2,911,539",,,,,,,,,,,,,,,
2019-02-01,"2,925,092",,,,,,,,,,,,,,,
2019-02-02,"2,952,546",,,,,,,,,,,,,,,
2019-02-03,"2,977,698",,,,,,,,,,,,,,,
2019-02-04,"3,003,674",,,,,,,,,,,,,,,
2019-02-05,"3,031,181",,,,,,,,,,,,,,,
2019-02-06,"3,050,607",,,,,,,,,,,,,,,
2019-02-07,"3,069,209",,,,,,,,,,,,,,,
2019-02-08,"3,083,037",,,,,,,,,,,,,,,
2019-02-09,"3,098,513",,,,,,,,,,,,,,,
2019-02-10,"3,109,888",,,,,,,,,,,,,,,
2019-02-11,"3,121,030",,,,,,,,,,,,,,,
2019-02-12,"3,135,964",,,,,,,,,,,,,,,
2019-02-13,"3,162,191",,,,,,,,,,,,,,,
2019-02-14,"3,214,623",,,,,,,,,,,,,,,
2019-02-15,"3,263,584",,,,,,,,,,,,,,,
2019-02-16,"3,303,316",,,,,,,,,,,,,,,
2019-02-17,"3,338,172",,,,,,,,,,,,,,,
2019-02-18,"3,368,158",,,,,,,,,,,,,,,
2019-02-19,"3,390,948",,,,,,,,,,,,,,,
2019-02-20,"3,413,845",,,,,,,,,,,,,,,
2019-02-21,"3,445,791",,,,,,,,,,,,,,,
2019-02-22,"3,462,703",,,,,,,,,,,,,,,
2019-02-23,"3,478,430",,,,,,,,,,,,,,,
2019-02-24,"3,496,471",,,,,,,,,,,,,,,
2019-02-25,"3,547,922",,,,,,,,,,,,,,,
2019-02-26,"3,691,852",,,,,,,,,,,,,,,
2019-02-27,"3,866,510",,,,,,,,,,,,,,,
2019-02-28,"3,947,653",,,,,,,,,,,,,,,
2019-03-01,"3,970,785",,,,,,,,,,,,,,,
2019-03-02,"3,977,052",,,,,,,,,,,,,,,
2019-03-03,"3,971,330",,,,,,,,,,,,,,,
2019-03-04,"3,968,060",,,,,,,,,,,,,,,
2019-03-05,"3,963,973",,,,,,,,,,,,,,,
2019-03-06,"4,007,148",,,,,,,,,,,,,,,
2019-03-07,"4,044,316",,,,,,,,,,,,,,,
2019-03-08,"4,043,211",,,,,,,,,,,,,,,
2019-03-09,"4,030,522",,,,,,,,,,,,,,,
2019-03-10,"4,010,169",,,,,,,,,,,,,,,
2019-03-11,"3,983,879",,,,,,,,,,,,,,,
2019-03-12,"3,947,924",,,,,,,,,,,,,,,
2019-03-13,"3,913,010",,,,,,,,,,,,,,,
2019-03-14,"3,869,717",,,,,,,,,,,,,,,
2019-03-15,"3,840,608",,,,,,,,,,,,,,,
2019-03-16,"3,811,119",,,,,,,,,,,,,,,
2019-03-17,"3,795,766",,,,,,,,,,,,,,,
2019-03-18,"3,786,232",,,,,,,,,,,,,,,
2019-03-19,"3,778,285",,,,,,,,,,,,,,,
2019-03-20,"3,782,789",,,,,,,,,,,,,,,
2019-03-21,"3,790,206",,,,,,,,,,,,,,,
2019-03-22,"3,801,855",,,,,,,,,,,,,,,
2019-03-23,"3,815,090",,,,,,,,,,,,,,,
2019-03-24,"3,827,041",,,,,,,,,,,,,,,
2019-03-25,"3,842,737",,,,,,,,,,,,,,,
2019-03-26,"3,864,906",,,,,,,,,,,,,,,
2019-03-27,"3,900,867",,,,,,,,,,,,,,,
2019-03-28,"3,941,145",,,,,,,,,,,,,,,
2019-03-29,"3,980,868",,,,,,,,,,,,,,,
2019-03-30,"4,008,794",,,,,,,,,,,,,,,
2019-03-31,"4,027,772",,,,,,,,,,,,,,,
2019-04-01,"4,039,618",,,,,,,,,,,,,,,
2019-04-02,"4,057,857",,,,,,,,,,,,,,,
2019-04-03,"4,067,828",,,,,,,,,,,,,,,
2019-04-04,"4,062,279",,,,,,,,,,,,,,,
2019-04-05,"4,068,106",,,,,,,,,,,,,,,
2019-04-06,"4,080,601",,,,,,,,,,,,,,,
2019-04-07,"4,104,266",,,,,,,,,,,,,,,
2019-04-08,"4,143,999",,,,,,,,,,,,,,,
2019-04-09,"4,174,679",,,,,,,,,,,,,,,
2019-04-10,"4,172,145",,,,,,,,,,,,,,,
2019-04-11,"4,157,784",,,,,,,,,,78.13,,0,,"18,929",
2019-04-12,"4,139,795",,,,,,,,,,78.13,,0,,"18,512",
2019-04-13,"4,110,682",,,,,,,,,,78.13,,0,,"17,113",
2019-04-14,"4,089,763",,,,,,,,,,78.13,,0,,"14,251",
2019-04-15,"4,078,935",,,,,,,,,,78.13,,0,,"13,715",
2019-04-16,"4,069,772",,,,,,,,,,79.38,,0,,"11,197",
2019-04-17,"4,063,941",,,,,,,,,,79.38,,0,,"9,765",
2019-04-18,"4,062,832",,,,,,,,,,79.38,,0,,"7,881",
2019-04-19,"4,067,551",,,,,,,,,,79.38,,0,,"7,155",
2019-04-20,"4,073,659",,,,,,,,,,79.38,,0,,"5,884",
2019-04-21,"4,081,989",,,,,,,,,,79.38,,0,,"5,163",
2019-04-22,"4,091,711",,,,,,,,,,79.38,,0,,"4,995",
2019-04-23,"4,107,055",,,,,,,,,,79.38,,0,,"5,465",
2019-04-24,"4,121,856",,,,,,,,,,79.38,,0,,"4,766",
2019-04-25,"4,140,075",,,,,,,,,,79.38,,0,,"5,458",
2019-04-26,"4,160,037",,,,,,,,,,79.38,,0,,"4,986",
2019-04-27,"4,177,507",,,,,,,,,,79.38,,0,,"4,636",
2019-04-28,"4,193,634",,,,,,,,,,79.38,,0,,"5,902",
2019-04-29,"4,210,930",,,,,,,,,,79.38,,0,,"6,917",
2019-04-30,"4,223,154",,,,,,,,,,79.38,,0,,"8,218",
2019-05-01,"4,237,965",,,,,,,,,,79.38,,0,,"7,706",
2019-05-02,"4,249,387",,,,,,,,,,79.38,,0,,"7,271",
2019-05-03,"4,260,525",,,,,,,,,,79.38,,0,,"7,323",
2019-05-04,"4,263,682",,,,,,,,,,79.38,,0,,"7,767",
2019-05-05,"4,264,829",,,,,,,,,,79.38,,0,,"7,798",
2019-05-06,"4,266,264",,,,,,,,,,79.38,,0,,"8,192",
2019-05-07,"4,269,995",,,,,,,,,,79.38,,0,,"7,385",
2019-05-08,"4,273,725",,,,,,,,,,79.38,,0,,"7,122",
2019-05-09,"4,279,751",,,,,,,,,,79.38,,0,,"6,302",
2019-05-10,"4,286,351",,,,,,,,,,79.4,,0,,"7,105",
2019-05-11,"4,286,064",,,,,,,,,,81.4,,0,,"6,292",
2019-05-12,"4,288,647",,,,,,,,,,82.85,,0,,"5,380",
2019-05-13,"4,289,799",,,,,,,,,,82.87,,0,,"5,529",
2019-05-14,"4,293,834",,,,,,,,,,85.6,,0,,"5,979",
2019-05-15,"4,302,194",,,,,,,,,,85.68,,0,,"5,387",
2019-05-16,"4,327,605",,,,,,,,,,86.39,,0,,"7,326",
2019-05-17,"4,343,242",,,,,,,,,r,86.44,,0,,"6,036",
2019-05-18,"4,362,635",,,,,,,,,,86.44,,0,,"6,710",
2019-05-19,"4,382,344",,,,,,,,,,86.44,,0,,"6,547",
2019-05-20,"4,395,135",,,,,,,,,,86.44,,0,,"7,884",
2019-05-21,"4,406,188",,,,,,,,,,86.82,,0,,"6,870",
2019-05-22,"4,419,331",,,,,,,,,,86.82,,0,,"7,485",
2019-05-23,"4,429,844",,,,,,,,,,86.89,,0,,"6,744",
2019-05-24,"4,439,800",,,,,,,,,,87.09,,0,,"7,637",
2019-05-25,"4,444,788",,,,,,,,,,87.09,,0,,"10,388",
2019-05-26,"4,455,936",,,,,,,,,,87.13,,0,,"8,754",
2019-05-27,"4,464,449",,,,,,,,,,87.13,,0,,"9,511",
2019-05-28,"4,468,575",,,,,,,,,,87.13,,0,,"8,915",
2019-05-29,"4,470,933",,,,,,,,,,87.13,,0,,"9,117",
2019-05-30,"4,471,227",,,,,,,,,,87.13,,0,,"9,045",
2019-05-31,"4,476,827",,,,,,,,,,87.13,,0,,"9,818",
2019-06-01,"4,475,648",,,,,,,,,,87.13,,0,,"9,078",
2019-06-02,"4,476,238",,,,,,,,,,87.13,,0,,"9,114",
2019-06-03,"4,476,532",,,,,,,,,,87.13,,0,,"8,754",
2019-06-04,"4,475,059",,,,,,,,,,87.13,,0,,"8,950",
2019-06-05,"4,472,112",,,,,,,,,,87.13,,0,,"8,776",
2019-06-06,"4,470,638",,,,,,,,,,87.13,,0,,"7,982",
2019-06-07,"4,469,754",,,,,,,,,,87.13,,0,,"7,838",
2019-06-08,"4,465,628",,,,,,,,,,87.13,,0,,"5,983",
2019-06-09,"4,458,576",,,,,,,,,,87.13,,0,,"7,322",
2019-06-10,"4,456,816",,,,,,,,,,87.13,,0,,"8,032",
2019-06-11,"4,454,469",,,,,,,,,,87.13,,0,,"7,801",
2019-06-12,"4,453,882",,,,,,,,,,87.13,,0,,"8,853",
2019-06-13,"4,455,349",,,,,,,,,,87.13,,0,,"7,979",
2019-06-14,"4,451,242",,,,,,,,,,87.13,,0,,"7,566",
2019-06-15,"4,445,668",,,,,,,,,,87.13,,0,,"8,197",
2019-06-16,"4,440,094",,,,,,,,,,87.13,,0,,"8,824",
2019-06-17,"4,433,933",,,,,,,,,,87.13,,0,,"8,355",
2019-06-18,"4,441,267",,,,,,,,,,87.13,,0,,"8,603",
2019-06-19,"4,439,214",,,,,,,,,,87.13,,0,,"7,922",
2019-06-20,"4,435,400",,,,,,,,,,87.13,,0,,"8,363",
2019-06-21,"4,426,048",,,,,,,,,,87.13,,0,,"8,697",
2019-06-22,"4,417,286",,,,,,,,,,87.13,,0,,"9,137",
2019-06-23,"4,409,109",,,,,,,,,,87.13,,0,,"8,986",
2019-06-24,"4,404,147",,,,,,,,,,87.13,,0,,"9,222",
2019-06-25,"4,398,623",,,,,,,,,,87.13,,0,,"9,343",
2019-06-26,"4,391,356",,,,,,,,,,87.13,,0,,"9,090",
2019-06-27,"4,382,344",,,,,,,,,,87.13,,0,,"9,351",
2019-06-28,"4,373,922",,,,,,,,,,87.13,,0,,"9,346",
2019-06-29,"4,365,239",,,,,,,,,,87.13,,0,,"9,101",
2019-06-30,"4,355,399",,,,,,,,,,87.13,,0,,"9,387",
2019-07-01,"4,343,532",,,,,,,,,,87.13,,0,,"10,203",
2019-07-02,"4,331,369",,,,,,,,,,87.13,,0,,"9,364",
2019-07-03,"4,320,076",,,,,,,,,,87.13,,0,,"8,554",
2019-07-04,"4,310,841",,,,,,,,,,87.13,,0,,"9,647",
2019-07-05,"4,301,329",,,,,,,,,,87.13,,0,,"8,657",
2019-07-06,"4,289,799",,,,,,,,,,87.13,,0,,"9,641",
2019-07-07,"4,280,612",,,,,,,,,,87.13,,0,,"9,156",
2019-07-08,"4,272,290",,,,,,,,,,87.13,,0,,"9,361",
2019-07-09,"4,259,381",,,,,,,,,,87.13,,0,,"9,132",
2019-07-10,"4,250,529",,,,,,,,,,87.13,,0,,"8,877",
2019-07-11,"4,239,964",,,,,,,,,,87.13,,0,,"9,190",
2019-07-12,"4,229,977",,,,,,,,,,87.13,,0,,"8,968",
2019-07-13,"4,219,743",,,,,,,,,,87.13,,0,,"9,232",
2019-07-14,"4,209,224",,,,,,,,,,87.13,,0,,"9,340",
2019-07-15,"4,199,010",,,,,,,,,,87.13,,0,,"9,178",
2019-07-16,"4,188,542",,,,,,,,,,87.13,,0,,"9,990",
2019-07-17,"4,179,205",,,,,,,,,,87.13,,0,,"9,479",
2019-07-18,"4,170,456",,,,,,,,,,87.13,,0,,"8,380",
2019-07-19,"4,159,755",,,,,,,,,,87.13,,0,,"9,079",
2019-07-20,"4,148,492",,,,,,,,,,87.13,,0,,"10,500",
2019-07-21,"4,133,348",,,,,,,,,,87.13,,0,,"9,281",
2019-07-22,"4,121,576",,,,,,,,,,87.13,,0,,"8,842",
2019-07-23,"4,111,240",,,,,,,,,,87.13,,0,,"9,763",
2019-07-24,"4,100,081",,,,,,,,,,87.13,,0,,"9,281",
2019-07-25,"4,086,987",,,,,,,,,,87.13,,0,,"9,311",
2019-07-26,"4,075,880",,,,,,,,,,87.13,,0,,"7,654",
2019-07-27,"4,066,995",,,,,,,,,,87.13,,0,,"9,927",
2019-07-28,"4,055,094",,,,,,,,,,87.13,,0,,"9,494",
2019-07-29,"4,044,316",,,,,,,,,,87.13,,0,,"9,633",
2019-07-30,"4,032,448",,,,,,,,,,87.13,,0,,"8,756",
2019-07-31,"4,024,471",,,,,,,,,,87.13,,0,,"9,049",
2019-08-01,"4,011,269",,,,,,,,,,87.13,,0,,"9,660",
2019-08-02,"3,998,388",,,,,,,,,,87.13,,0,,"9,105",
2019-08-03,"3,986,617",,,,,,,,,,87.13,,0,,"9,655",
2019-08-04,"3,975,145",,,,,,,,,,87.13,,0,,"9,799",
2019-08-05,"3,966,698",,,,,,,,,,87.88,,0,,"9,168",
2019-08-06,"3,955,527",,,,,,,,,,87.91,,0,,"9,453",
2019-08-07,"3,945,213",,,,,,,,,,87.91,,0,,"9,315",
2019-08-08,"3,932,468",,,,,,,,,,87.91,,0,,"9,396",
2019-08-09,"3,918,137",,,,,,,,,,87.91,,0,,"9,488",
2019-08-10,"3,908,962",,,,,,,,,,87.91,,0,,"9,504",
2019-08-11,"3,896,294",,,,,,,,,,87.91,,0,,"9,661",
2019-08-12,"3,884,208",,,,,,,,,,87.91,,0,,"9,746",
2019-08-13,"3,870,252",,,,,,,,,,87.91,,0,,"9,215",
2019-08-14,"3,844,599",,,,,,,,,,87.91,,0,,"9,447",
2019-08-15,"3,835,554",,,,,,,,,,87.91,,0,,"9,261",
2019-08-16,"3,825,977",,,,,,,,,,87.91,,0,,"8,819",
2019-08-17,"3,813,237",,,,,,,,,,87.91,,0,,"10,045",
2019-08-18,"3,799,472",,,,,,,,,,87.91,,0,,"8,372",
2019-08-19,"3,786,762",,,,,,,,,,87.91,,0,,"8,403",
2019-08-20,"3,774,312",,,,,,,,,,87.91,,0,,"8,947",
2019-08-21,"3,763,201",,,,,,,,,,87.91,,0,,"8,948",
2019-08-22,"3,750,023",,,,,,,,,,87.91,,0,,"8,855",
2019-08-23,"3,741,062",,,,,,,,,,87.91,,0,,"8,546",
2019-08-24,"3,730,827",,,,,,,,,,87.91,,0,,"8,907",
2019-08-25,"3,720,598",,,,,,,,,,87.91,,0,,"7,751",
2019-08-26,"3,710,907",,,,,,,,,,87.91,,0,,"8,340",
2019-08-27,"3,702,554",,,,,,,,,,87.91,,0,,"8,175",
2019-08-28,"3,690,025",,,,,,,,,,87.91,,0,,"8,665",
2019-08-29,"3,676,506",,,,,,,,,,87.91,,0,,"8,865",
2019-08-30,"3,666,637",,,,,,,,,,87.91,,0,,"8,250",
2019-08-31,"3,658,340",,,,,,,,,,87.91,,0,,"8,273",
2019-09-01,"3,649,553",,,,,,,,,,87.91,,0,,"7,766",
2019-09-02,"3,639,214",,,,,,,,,,87.91,,0,,"6,848",
2019-09-03,"3,629,423",,,,,,,,,,87.91,,0,,"8,313",
2019-09-04,"3,620,421",,,,,,,,,,87.91,,0,,"7,929",
2019-09-05,"3,614,762",,,,,,,,,,87.91,,0,,"7,670",
2019-09-06,"3,608,851",,,,,,,,,,87.91,,0,,"8,386",
2019-09-07,"3,603,989",,,,,,,,,,87.91,,0,,"7,915",
2019-09-08,"3,594,520",,,,,,,,,,87.91,,0,,"8,566",
2019-09-09,"3,584,539",,,,,,,,,,87.91,,0,,"8,147",
2019-09-10,"3,575,625",,,,,,,,,,87.91,,0,,"8,240",
2019-09-11,"3,565,948",,,,,,,,,,88.04,,0,,"7,978",
2019-09-12,"3,554,510",,,,,,,,,,88.04,,0,,"7,346",
2019-09-13,"3,540,573",,,,,,,,,,88.34,,0,,"6,901",
2019-09-14,"3,527,175",,,,,,,,,,88.35,,0,,"6,901",
2019-09-15,"3,515,828",,,,,,,,,,88.35,,0,,"6,454",
2019-09-16,"3,507,762",,,,,,,,,,88.35,,0,,"6,245",
2019-09-17,"3,499,733",,,,,,,,,,88.35,,0,,"5,727",
2019-09-18,"3,495,468",,,,,,,,,,88.36,,0,,"7,408",
2019-09-19,"3,490,449",,,,,,,,,,88.36,,0,,"6,729",
2019-09-20,"3,481,176",,,,,,,,,,88.36,,0,,"5,976",
2019-09-21,"3,473,687",,,,,,,,,,88.36,,0,,"6,777",
2019-09-22,"3,466,448",,,,,,,,,,88.36,,0,,"6,153",
2019-09-23,"3,456,471",,,,,,,,,,88.42,,0,,"5,794",
2019-09-24,"3,450,013",,,,,,,,,,88.42,,0,,"6,187",
2019-09-25,"3,445,045",,,,,,,,,,88.47,,0,,"6,035",
2019-09-26,"3,441,319",,,,,,,,,,0,,0,,"6,511",
2019-09-27,"3,438,090",,,,,,,,,,0,,0,,"5,534",
2019-09-28,"3,434,365",,,,,,,,,,0,,0,,"4,709",
2019-09-29,"3,427,933",,,,,,,,,,0,,0,,"4,410",
2019-09-30,"3,425,462",,,,,,,,,,0,,0,,"4,963",
2019-10-01,"3,420,766",,,,,,,,,,0,,0,,"5,763",
2019-10-02,"3,414,093",,,,,,,,,,0,,0,,"5,494",
2019-10-03,"3,409,644",,,,,,,,,,0,,0,,"4,607",
2019-10-04,"3,407,179",,,,,,,,,,0,,0,,"4,572",
2019-10-05,"3,402,015",,,,,,,,,,0,,0,,"4,704",
2019-10-06,"3,395,375",,,,,,,,,,0,,0,,"4,625",
2019-10-07,"3,392,915",,,,,,,,,,0,,0,,"4,392",
2019-10-08,"3,390,456",,,,,,,,,,0,,0,,"4,589",
2019-10-09,"3,390,210",,,,,,,,,,0,,0,,"6,625",
2019-10-10,"3,388,243",,,,,,,,,,0,,0,,"6,203",
2019-10-11,"3,387,505",,,,,,,,,,0,,0,,"8,186",
2019-10-12,"3,383,328",,,,,,,,,,0.11,,0,,"8,608",
2019-10-13,"3,379,169",,,,,,,,,,0.11,,0,,"10,627",
2019-10-14,"3,375,009",,,,,,,,,,0.24,,0,,"10,447",
2019-10-15,"3,370,116",,,,,,,,,,0.25,,0,,"8,788",
2019-10-16,"3,363,020",,,,,,,,,,0.25,,0,,"5,169",
2019-10-17,"3,355,700",,,,,,,,,,0.25,,0,,"6,222",
2019-10-18,"3,348,153",,,,,,,,,,0.25,,0,,"6,719",
2019-10-19,"3,342,798",,,,,,,,,,0.25,,0,,"6,666",
2019-10-20,"3,337,199",,,,,,,,,,0.25,,0,,"5,870",
2019-10-21,"3,333,555",,,,,,,,,,0.25,,0,,"7,049",
2019-10-22,"3,325,077",,,,,,,,,,0.25,,0,,"6,922",
2019-10-23,"3,316,841",,,,,,,,,,0.25,,0,,"6,219",
2019-10-24,"3,310,063",,,,,,,,,,0.25,,0,,"5,055",
2019-10-25,"3,306,448",,,,,,,,,,0.25,,0,,"6,555",
2019-10-26,"3,300,665",,,,,,,,,,0.25,,0,,"5,851",
2019-10-27,"3,290,062",,,,,,,,,,0.25,,0,,"5,891",
2019-10-28,"3,284,763",,,,,,,,,,0.25,,0,,"5,398",
2019-10-29,"3,284,041",,,,,,,,,,0.25,,0,,"4,936",
2019-10-30,"3,278,265",,,,,,,,,,0.25,,0,,"4,249",
2019-10-31,"3,271,045",,,,,,,,,,0.25,,0,,"4,380",
2019-11-01,"3,262,862",,,,,,,,,,0.25,,0,,"4,528",
2019-11-02,"3,256,637",,,,,,,,,,0.25,,0,,"4,373",
2019-11-03,"3,251,849",,,,,,,,,,0.25,,0,,"4,501",
2019-11-04,"3,248,976",,,,,,,,,,0.25,,0,,"3,855",
2019-11-05,"3,244,666",,,,,,,,,,0.25,,0,,"5,136",
2019-11-06,"3,239,878",,,,,,,,,,0.25,,0,,"4,721",
2019-11-07,"3,235,347",,,,,,,,,,0.25,,0,,"4,358",
2019-11-08,"3,231,297",,,,,,,,,,0.25,,0,,"4,214",
2019-11-09,"3,231,535",,,,,,,,,,0.25,,0,,"4,427",
2019-11-10,"3,229,153",,,,,,,,,,0.25,,0,,"4,373",
2019-11-11,"3,226,770",,,,,,,,,,0.25,,0,,"4,331",
2019-11-12,"3,225,341",,,,,,,,,,0.25,,0,,"4,505",
2019-11-13,"3,223,912",,,,,,,,,,0.25,,0,,"4,354",
2019-11-14,"3,222,244",,,,,,,,,,0.25,,0,,"4,735",
2019-11-15,"3,220,338",,,,,,,,,,0.25,,0,,"3,783",
2019-11-16,"3,217,956",,,,,,,,,,0.25,,0,,"4,361",
2019-11-17,"3,215,573",,,,,,,,,,0.25,,0,,"4,375",
2019-11-18,"3,213,912",,,,,,,,,,0.25,,0,,"4,504",
2019-11-19,"3,211,543",,,,,,,,,,0.25,,0,,"4,478",
2019-11-20,"3,212,490",,,,,,,,,,0.25,,0,,"4,171",
2019-11-21,"3,211,306",,,,,,,,,,0.25,,0,,"4,367",
2019-11-22,"3,209,410",,,,,,,,,,2.34,,0,,"4,226",
2019-11-23,"3,208,225",,,,,,,,,,2.54,,0,,"4,170",
2019-11-24,"3,205,619",,,,,,,,,,3.04,,0,,"4,235",
2019-11-25,"3,203,012",,,,,,,,,,3.06,,0,,"4,445",
2019-11-26,"3,204,908",,,,,,,,,,4.13,,0,,"4,407",
2019-11-27,"3,207,988",,,,,,,,,,4.89,,0,,"4,011",
2019-11-28,"3,208,936",,,,,,,,,,5.09,,0,,"4,434",
2019-11-29,"3,208,699",,,,,,,,,,5.29,,0,,"4,361",
2019-11-30,"3,209,173",,,,,,,,,,5.31,,0,,"4,383",
2019-12-01,"3,210,832",,,,,,,,,,5.39,,0,,"4,725",
2019-12-02,"3,209,410",,,,,,,,,,7.59,,0,,"4,352",
2019-12-03,"3,208,225",,,,,,,,,,11.6,,0,,"3,933",
2019-12-04,"3,205,382",,,,,,,,,,11.6,,0,,"4,442",
2019-12-05,"3,205,619",,,,,,,,,,11.6,,0,,"4,909",
2019-12-06,"3,207,751",,,,,,,,,,11.83,,0,,"4,491",
2019-12-07,"3,239,399",,,,,,,,,,12.46,,0,,"4,133",
2019-12-08,"3,258,792",,,,,,,,,,12.62,,0,,"4,086",
2019-12-09,"3,263,825",,,,,,,,,,13.05,,0,,"4,578",
2019-12-10,"3,266,713",,,,,,,,,,13.35,,0,,"4,609",
2019-12-11,"3,268,879",,,,,,,,,,13.35,,0,,"5,045",
2019-12-12,"3,274,414",,,,,,,,,,13.35,,0,,"4,611",
2019-12-13,"3,285,485",,,,,,,,,,13.35,,0,,"4,627",
2019-12-14,"3,291,749",,,,,,,,,,13.78,,0,,"3,984",
2019-12-15,"3,295,122",,,,,,,,,,14.55,,0,,"4,724",
2019-12-16,"3,297,050",,,,,,,,,,14.7,,0,,"5,745",
2019-12-17,"3,298,255",,,,,,,,,r,15.78,,0,,"5,862",
2019-12-18,"3,302,834",,,,,,,,,r,15.78,,0,,"5,597",
2019-12-19,"3,307,412",,,,,,,,,r,15.78,,0,,"6,086",
2019-12-20,"3,308,617",,,,,,,,,r,16.14,,0,,"5,686",
2019-12-21,"3,308,858",,,,,,,,,r,16.14,,0,,"5,608",
2019-12-22,"3,314,418",,,,,,,,,,16.14,,0,,"5,154",
2019-12-23,"3,318,779",,,,,,,,,,16.14,,0,,"4,635",
2019-12-24,"3,319,748",,,,,,,,,,16.14,,0,,"5,076",
2019-12-25,"3,322,412",,,,,,,,,,16.23,,0,,"4,165",
2019-12-26,"3,322,655",,,,,,,,,,16.23,,0,,"3,924",
2019-12-27,"3,325,077",,,,,,,,,,16.23,,0,,"4,627",
2019-12-28,"3,326,046",,,,,,,,,,16.23,,0,,"4,853",
2019-12-29,"3,326,773",,,,,,,,,,16.23,,0,,"4,862",
2019-12-30,"3,327,742",,,,,,,,,,16.31,,0,,"4,748",
2019-12-31,"3,329,922",,,,,,,,,,16.31,,0,,"4,428",
2020-01-01,"3,329,679",,,,,,,,,,16.31,,0,,"4,568",
2020-01-02,"3,329,922",,,,,,,,,,16.31,,0,,"3,924",
2020-01-03,"3,328,711",,,,,,,,,,16.44,,0,,"3,917",
2020-01-04,"3,328,468",,,,,,,,,,16.96,,0,,"4,557",
2020-01-05,"3,328,953",,,,,,,,,,16.96,,0,,"4,456",
2020-01-06,"3,327,984",,,,,,,,,,17.01,,0,,"4,442",
2020-01-07,"3,327,984",,,,,,,,,,17.01,,0,,"4,446",
2020-01-08,"3,328,953",,,,,,,,,,17.01,,0,,"4,598",
2020-01-09,"3,330,891",,,,,,,,,,17.17,,0,,"4,703",
2020-01-10,"3,331,133",,,,,,,,,,17.18,,0,,"5,283",
2020-01-11,"3,331,860",,,,,,,,,,18.09,,0,,"4,766",
2020-01-12,"3,333,071",,,,,,,,,,18.67,,0,,"4,595",
2020-01-13,"3,334,524",,,,,,,,,,18.67,,0,,"4,494",
2020-01-14,"3,335,494",,,,,,,,,,18.67,,0,,"4,848",
2020-01-15,"3,335,009",,,,,,,,,,18.67,,0,,"4,886",
2020-01-16,"3,341,824",,,,,,,,,,18.96,,0,,"4,577",
2020-01-17,"3,344,015",,,,,,,,,,19.54,,0,,"4,671",
2020-01-18,"3,347,423",,,,,,,,,,19.6,,0,,"4,297",
2020-01-19,"3,351,318",,,,,,,,,,20.13,,0,,"4,576",
2020-01-20,"3,352,535",,,,,,,,,,20.27,,0,,"4,214",
2020-01-21,"3,358,134",,,,,,,,,,21.3,,0,,"4,060",
2020-01-22,"3,363,510",,,,,,,,,,21.35,,0,,"4,355",
2020-01-23,"3,369,626",,,,,,,,,,21.66,,0,,"4,087",
2020-01-24,"3,376,722",,,,,,,,,,21.72,,0,,"3,951",
2020-01-25,"3,390,948",,,,,,,,,,21.72,,0,,"4,815",
2020-01-26,"3,411,868",,,,,,,,,,21.72,,0,,"4,599",
2020-01-27,"3,429,911",,,,,,,,,,21.72,,0,,"4,495",
2020-01-28,"3,448,026",,,,,,,,,,21.72,,0,,"4,256",
2020-01-29,"3,460,207",,,,,,,,,,21.72,,0,,"4,110",
2020-01-30,"3,473,437",,,,,,,,,,21.72,,0,,"4,068",
2020-01-31,"3,482,174",,,,,,,,,,21.72,,0,,"4,132",
2020-02-01,"3,488,442",,,,,,,,,,21.72,,0,,"3,527",
2020-02-02,"3,494,966",,,,,,,,,,21.72,,0,,"3,521",
2020-02-03,"3,499,231",,,,,,,,,,21.72,,0,,"3,455",
2020-02-04,"3,502,242",,,,,,,,,,21.72,,0,,"3,422",
2020-02-05,"3,506,257",,,,,,,,,,21.72,,0,,"4,272",
2020-02-06,"3,511,542",,,,,,,,,,21.72,,0,,"3,865",
2020-02-07,"3,514,568",,,,,,,,,,21.72,,0,,"3,472",
2020-02-08,"3,520,367",,,,,,,,,,21.72,,0,,"3,418",
2020-02-09,"3,524,905",,,,,,,,,,21.72,,0,,"3,243",
2020-02-10,"3,526,670",,,,,,,,,,21.72,,0,,"3,325",
2020-02-11,"3,527,931",,,,,,,,,,21.72,,0,,"3,996",
2020-02-12,"3,529,948",,,,,,,,,,21.72,,0,,"3,444",
2020-02-13,"3,533,985",,,,,,,,,,21.72,,0,,"3,197",
2020-02-14,"3,535,505",,,,,,,,,,21.72,,0,,"3,771",
2020-02-15,"3,540,066",,,,,,,,,,21.72,,0,,"3,376",
2020-02-16,"3,541,840",,,,,,,,,,21.72,,0,,"4,110",
2020-02-17,"3,544,374",,,,,,,,,,21.72,,0,,"4,422",
2020-02-18,"3,546,908",,,,,,,,,,21.72,,0,,"4,423",
2020-02-19,"3,548,429",,,,,,,,,,21.72,,0,,"4,369",
2020-02-20,"3,550,963",,,,,,,,,,21.72,,0,,"4,863",
2020-02-21,"3,551,469",,,,,,,,,,21.72,,0,,"5,014",
2020-02-22,"3,551,723",,,,,,,,,,21.72,,0,,"4,626",
2020-02-23,"3,551,469",,,,,,,,,,21.72,,0,,"4,853",
2020-02-24,"3,552,230",,,,,,,,,,21.72,,0,,"4,667",
2020-02-25,"3,551,469",,,,,,,,,,21.72,,0,,"4,691",
2020-02-26,"3,547,668",,,,,,,,,,21.72,,0,,"5,131",
2020-02-27,"3,547,668",,,,,,,,,,21.72,,0,,"5,052",
2020-02-28,"3,547,162",,,,,,,,,,21.72,,0,,"5,587",
2020-02-29,"3,546,148",,,,,,,,,,21.72,,0,,"5,304",
2020-03-01,"3,547,668",,,,,,,,,,21.72,,0,,"5,041",
2020-03-02,"3,544,628",,,,,,,,,,21.77,,0,,"4,935",
2020-03-03,"3,544,628",,,,,,,,,,21.81,,0,,"4,853",
2020-03-04,"3,540,320",,,,,,,,,,21.82,,0,,"4,695",
2020-03-05,"3,536,265",,,,,,,,,,21.82,,0,,"4,727",
2020-03-06,"3,533,478",,,,,,,,,,21.82,,0,,"4,957",
2020-03-07,"3,533,731",,,,,,,,,,21.82,,0,,"3,958",
2020-03-08,"3,529,192",,,,,,,,,,21.82,,0,,"3,943",
2020-03-09,"3,527,931",,,,,,,,,,21.82,,0,,"3,676",
2020-03-10,"3,529,696",,,,,,,,,,22.11,,0,,"2,660",
2020-03-11,"3,524,905",,,,,,,,,,22.56,,0,,"3,293",
2020-03-12,"3,527,175",,,,,,,,,,23.96,,0,,"2,205",
2020-03-13,"3,528,687",,,,,,,,,,25.06,,0,,"3,039",
2020-03-14,"3,525,914",,,,,,,,,,25.06,,0,,"2,857",
2020-03-15,"3,529,948",,,,,,,,,,25.06,,0,,"2,500",
2020-03-16,"3,531,209",,,,,,,,,,25.06,,0,,"2,619",
2020-03-17,"3,539,053",,,,,,,,,,25.06,,0,,"2,352",
2020-03-18,"3,544,121",,,,,,,,,,25.06,,0,,"2,811",
2020-03-19,"3,548,429",,,,,,,,,,25.06,,0,,"3,393",
2020-03-20,"3,551,976",,,,,,,,,,25.06,,0,,"2,441",
2020-03-21,"3,556,031",,,,,,,,,,25.06,,0,,"2,364",
2020-03-22,"3,560,091",,,,,,,,,,25.06,,0,,"3,036",
2020-03-23,"3,563,656",,,,,,,,,,25.07,,0,,"3,074",
2020-03-24,"3,567,221",,,,,,,,,,25.08,,0,,"3,282",
2020-03-25,"3,571,551",,,,,,,,,,25.35,,0,,"3,266",
2020-03-26,"3,576,898",,,,,,,,,,25.84,,0,,"2,731",
2020-03-27,"3,579,190",,,,,,,,,,25.84,,0,,"3,219",
2020-03-28,"3,583,010",,,,,,,,,,25.84,,0,,"2,731",
2020-03-29,"3,587,098",,,,,,,,,,25.84,,0,,"2,795",
2020-03-30,"3,592,472",,,,,,,,,r,25.94,,0,,"3,249",
2020-03-31,"3,599,638",,,,,,,,,r,26.97,,0,,"2,635",
2020-04-01,"3,607,828",,,,,,,,,,27.86,,0,,"3,127",
2020-04-02,"3,615,534",,,,,,,,,,27.86,,0,,"2,592",
2020-04-03,"3,624,279",,,,,,,,,,27.86,,0,,"2,496",
2020-04-04,"3,633,281",,,,,,,,,,27.86,,0,,"2,708",
2020-04-05,"3,647,227",,,,,,,,,,27.86,,0,,"1,952",
2020-04-06,"3,661,961",,,,,,,,,,27.86,,0,,"2,342",
2020-04-07,"3,672,351",,,,,,,,,,27.86,,0,,"1,911",
2020-04-08,"3,683,779",,,,,,,,,,27.86,,0,,"3,172",
2020-04-09,"3,695,507",,,,,,,,,,27.86,,0,,"3,075",
2020-04-10,"3,704,381",,,,,,,,,,27.86,,0,,"3,328",
2020-04-11,"3,712,995",,,,,,,,,,27.86,,0,,"3,497",
2020-04-12,"3,722,696",,,,,,,,,,27.86,,0,,"3,712",
2020-04-13,"3,728,991",,,,,,,,,,27.86,,0,,"3,914",
2020-04-14,"3,733,187",,,,,,,,,,27.86,,0,,"5,252",
2020-04-15,"3,737,646",,,,,,,,,,27.86,,0,,"4,901",
2020-04-16,"3,742,643",,,,,,,,,,27.86,,0,,"5,127",
2020-04-17,"3,745,806",,,,,,,,,,27.86,,0,,"5,859",
2020-04-18,"3,748,705",,,,,,,,,,27.86,,0,,"8,282",
2020-04-19,"3,749,496",,,,,,,,,,27.86,,0,,"9,131",
2020-04-20,"3,749,496",,,,,,,,,,27.86,,0,,"8,645",
2020-04-21,"3,750,023",,,,,,,,,,27.86,,0,,"9,275",
2020-04-22,"3,747,651",,,,,,,,,,27.86,,0,,"8,435",
2020-04-23,"3,741,062",,,,,,,,,,27.86,,0,,"8,045",
2020-04-24,"3,732,138",,,,,,,,,,27.86,,0,,"8,210",
2020-04-25,"3,724,795",,,,,,,,,,27.86,,0,,"7,932",
2020-04-26,"3,715,353",,,,,,,,,,27.86,,0,,"7,929",
2020-04-27,"3,708,297",,,,,,,,,,27.86,,0,,"7,358",
2020-04-28,"3,699,422",,,,,,,,,,27.86,,0,,"7,137",
2020-04-29,"3,696,290",,,,,,,,,,28.17,,0,,"7,614",
2020-04-30,"3,687,155",,,,,,,,,,28.17,,0,,"7,447",
2020-05-01,"3,679,623",,,,,,,,,,28.17,,0,,"8,172",
2020-05-02,"3,673,909",,,,,,,,,,28.17,,0,,"8,133",
2020-05-03,"3,669,234",,,,,,,,,,28.17,,0,,"7,967",
2020-05-04,"3,660,408",,,,,,,,,,28.17,,0,,"8,238",
2020-05-05,"3,651,879",,,,,,,,,,28.17,,0,,"8,953",
2020-05-06,"3,643,608",,,,,,,,,,28.17,,0,,"8,264",
2020-05-07,"3,638,181",,,,,,,,,,28.54,,0,,"8,144",
2020-05-08,"3,629,423",,,,,,,,,,29.57,,0,,"8,463",
2020-05-09,"3,620,678",,,,,,,,,,29.92,,0,,"8,127",
2020-05-10,"3,608,851",,,,,,,,,,30.29,,0,,"7,455",
2020-05-11,"3,600,662",,,,,,,,,,30.29,,0,,"6,899",
2020-05-12,"3,595,543",,,,,,,,,,30.61,,0,,"7,179",
2020-05-13,"3,586,586",,,,,,,,,,31.64,,0,,"6,230",
2020-05-14,"3,583,010",,,,,,,,,,31.82,,0,,"7,129",
2020-05-15,"3,572,569",,,,,,,,,,31.86,,0,,"8,093",
2020-05-16,"3,570,532",,,,,,,,,,31.86,,0,,"6,645",
2020-05-17,"3,570,532",,,,,,,,,,31.86,,0,,"6,220",
2020-05-18,"3,578,426",,,,,,,,,,31.86,,0,,"6,574",
2020-05-19,"3,580,718",,,,,,,,,,31.86,,0,,"6,409",
2020-05-20,"3,581,482",,,,,,,,,,31.86,,0,,"6,344",
2020-05-21,"3,577,662",,,,,,,,,,31.86,,0,,"5,899",
2020-05-22,"3,576,644",,,,,,,,,,31.86,,0,,"6,880",
2020-05-23,"3,571,041",,,,,,,,,,31.86,,0,,"7,884",
2020-05-24,"3,569,004",,,,,,,,,,31.86,,0,,"7,944",
2020-05-25,"3,567,985",,,,,,,,,,31.88,,0,,"8,628",
2020-05-26,"3,565,184",,,,,,,,,,31.9,,0,,"9,168",
2020-05-27,"3,558,818",,,,,,,,,,31.92,,0,,"8,331",
2020-05-28,"3,552,990",,,,,,,,,,31.92,,0,,"9,095",
2020-05-29,"3,548,175",,,,,,,,,,31.92,,0,,"7,986",
2020-05-30,"3,541,333",,,,,,,,,,31.92,,0,,"8,395",
2020-05-31,"3,530,452",,,,,,,,,,31.92,,0,,"9,006",
2020-06-01,"3,521,627",,,,,,,,,,31.92,,0,,"8,024",
2020-06-02,"3,511,290",,,,,,,,,,31.92,,0,,"7,765",
2020-06-03,"3,503,246",,,,,,,,,,31.97,,0,,"8,481",
2020-06-04,"3,496,471",,,,,,,,,,32.02,,0,,"8,742",
2020-06-05,"3,485,431",,,,,,,,,,32.07,,0,,"8,874",
2020-06-06,"3,473,937",,,,,,,,,,32.07,,0,,"8,704",
2020-06-07,"3,464,201",,,,,,,,,,32.07,,0,,"9,380",
2020-06-08,"3,452,994",,,,,,,,,,32.07,,0,,"10,113",
2020-06-09,"3,443,307",,,,,,,,,,32.07,,0,,"10,845",
2020-06-10,"3,431,394",,,,,,,,,,32.07,,0,,"10,354",
2020-06-11,"3,426,945",,,,,,,,,,32.07,,0,,"10,152",
2020-06-12,"3,412,857",,,,,,,,,,32.07,,0,,"9,813",
2020-06-13,"3,398,818",,,,,,,,,,32.07,,0,,"9,656",
2020-06-14,"3,383,573",,,,,,,,,,32.07,,0,,"10,231",
2020-06-15,"3,369,382",,,,,,,,,,32.07,,0,,"10,550",
2020-06-16,"3,354,726",,,,,,,,,,32.07,,0,,"11,489",
2020-06-17,"3,347,910",,,,,,,,,,32.07,,0,,"11,008",
2020-06-18,"3,326,530",,,,,,,,,,32.07,,0,,"10,354",
2020-06-19,"3,312,238",,,,,,,,,,32.07,,0,,"9,724",
2020-06-20,"3,299,701",,,,,,,,,,32.07,,0,,"10,209",
2020-06-21,"3,282,116",,,,,,,,,,32.07,,0,,"10,509",
2020-06-22,"3,266,713",,,,,,,,,,32.07,,0,,"10,762",
2020-06-23,"3,254,003",,,,,,,,,,32.07,,0,,"10,433",
2020-06-24,"3,241,314",,,,,,,,,,32.07,,0,,"11,049",
2020-06-25,"3,227,723",,,,,,,,,,32.07,,0,,"10,380",
2020-06-26,"3,212,964",,,,,,,,,,32.07,,0,,"10,503",
2020-06-27,"3,196,614",,,,,,,,,,32.07,,0,,"10,416",
2020-06-28,"3,178,431",,,,,,,,,,32.07,,0,,"10,356",
2020-06-29,"3,163,364",,,,,,,,,,32.07,,0,,"10,719",
2020-06-30,"3,147,180",,,,,,,,,,32.07,,0,,"10,691",
2020-07-01,"3,132,231",,,,,,,,,,32.07,,0,,"9,934",
2020-07-02,"3,117,548",,,,,,,,,,32.07,,0,,"11,412",
2020-07-03,"3,101,299",,,,,,,,,,32.07,,0,,"10,658",
2020-07-04,"3,084,884",,,,,,,,,,32.07,,0,,"10,630",
2020-07-05,"3,067,142",,,,,,,,,,32.07,,0,,"10,504",
2020-07-06,"3,052,439",,,,,,,,,,32.07,,0,,"10,458",
2020-07-07,"3,035,752",,,,,,,,,,32.07,,0,,"9,872",
2020-07-08,"3,019,347",,,,,,,,,,32.07,,0,,"10,979",
2020-07-09,"3,004,353",,,,,,,,,,32.07,,0,,"10,395",
2020-07-10,"2,989,654",,,,,,,,,,32.07,,0,,"10,712",
2020-07-11,"2,974,548",,,,,,,,,,32.07,,0,,"11,064",
2020-07-12,"2,959,483",,,,,,,,,,32.07,,0,,"10,863",
2020-07-13,"2,943,371",,,,,,,,,,32.07,,0,,"10,383",
2020-07-14,"2,928,877",,,,,,,,,,32.07,,0,,"10,482",
2020-07-15,"2,910,875",,,,,,,,,,32.07,,0,,"10,226",
2020-07-16,"2,893,169",,,,,,,,,,32.07,,0,,"10,405",
2020-07-17,"2,877,090",,,,,,,,,,32.07,,0,,"10,401",
2020-07-18,"2,862,823",,,,,,,,,,32.07,,0,,"9,998",
2020-07-19,"2,847,066",,,,,,,,,,32.07,,0,,"9,254",
2020-07-20,"2,833,774",,,,,,,,,,32.07,,0,,"9,778",
2020-07-21,"2,818,774",,,,,,,,,,32.07,,0,,"9,251",
2020-07-22,"2,802,513",,,,,,,,,,32.07,,0,,"9,886",
2020-07-23,"2,786,317",,,,,,,,,,32.07,,0,,"9,743",
2020-07-24,"2,773,638",,,,,,,,,,32.07,,0,,"8,734",
2020-07-25,"2,758,203",,,,,,,,,,32.07,,0,,"8,928",
2020-07-26,"2,743,463",,,,,,,,,,32.07,,0,,"8,934",
2020-07-27,"2,728,371",,,,,,,,,,32.07,,0,,"9,154",
2020-07-28,"2,715,440",,,,,,,,,,32.07,,0,,"8,824",
2020-07-29,"2,702,549",,,,,,,,,,32.07,,0,,"8,969",
2020-07-30,"2,690,765",,,,,,,,,,32.07,,0,,"8,745",
2020-07-31,"2,677,949",,,,,,,,,,32.07,,0,,"9,194",
2020-08-01,"2,663,942",,,,,,,,,,32.07,,0,,"8,821",
2020-08-02,"2,652,892",,,,,,,,,,32.07,,0,,"8,454",
2020-08-03,"2,639,586",,,,,,,,,,32.07,,0,,"8,584",
2020-08-04,"2,626,961",,,,,,,,,,32.07,,0,,"8,469",
2020-08-05,"2,614,154",,,,,,,,,,32.07,,0,,"8,696",
2020-08-06,"2,602,434",,,,,,,,,,32.07,,0,,"7,724",
2020-08-07,"2,589,719",,,,,,,,,,32.07,,0,,"8,187",
2020-08-08,"2,576,221",,,,,,,,,,32.07,,0,,"8,988",
2020-08-09,"2,563,261",,,,,,,,,,32.07,,0,,"8,340",
2020-08-10,"2,551,709",,,,,,,,,,32.07,,0,,"7,326",
2020-08-11,"2,540,733",,,,,,,,,,32.07,,0,,"7,997",
2020-08-12,"2,531,823",,,,,,,,,,32.07,,0,,"7,765",
2020-08-13,"2,519,353",,,,,,,,,,32.07,,0,,"8,205",
2020-08-14,"2,500,925",,,,,,,,,,32.07,,0,,"7,165",
2020-08-15,"2,493,929",,,,,,,,,,32.07,,0,,"7,947",
2020-08-16,"2,483,386",,,,,,,,,,32.07,,0,,"8,191",
2020-08-17,"2,472,657",,,,,,,,,,32.07,,0,,"7,063",
2020-08-18,"2,459,405",,,,,,,,,,32.07,,0,,"6,751",
2020-08-19,"2,447,579",,,,,,,,,,32.07,,0,,"6,449",
2020-08-20,"2,439,120",,,,,,,,,,32.07,,0,,"6,283",
2020-08-21,"2,428,146",,,,,,,,,,32.07,,0,,"6,069",
2020-08-22,"2,418,562",,,,,,,,,,32.07,,0,,"6,211",
2020-08-23,"2,411,538",,,,,,,,,,32.07,,0,,"6,057",
2020-08-24,"2,402,771",,,,,,,,,,32.07,,0,,"5,712",
2020-08-25,"2,394,792",,,,,,,,,,32.07,,0,,"6,297",
2020-08-26,"2,386,850",,,,,,,,,,32.07,,0,,"5,432",
2020-08-27,"2,378,519",,,,,,,,,,32.07,,0,,"5,501",
2020-08-28,"2,370,614",,,,,,,,,,32.07,,0,,"5,894",
2020-08-29,"2,362,716",,,,,,,,,,32.07,,0,,"5,576",
2020-08-30,"2,355,985",,,,,,,,,,32.07,,0,,"5,975",
2020-08-31,"2,351,196",,,,,,,,,,32.07,,0,,"6,530",
2020-09-01,"2,344,493",,,,,,,,,,32.07,,0,,"5,797",
2020-09-02,"2,339,322",,,,,,,,,,32.07,,0,,"5,798",
2020-09-03,"2,333,985",,,,,,,,,,32.07,,0,,"5,639",
2020-09-04,"2,328,271",,,,,,,,,,32.07,,0,,"5,239",
2020-09-05,"2,319,321",,,,,,,,,,32.07,,0,,"5,130",
2020-09-06,"2,312,883",,,,,,,,,,32.07,,0,,"5,010",
2020-09-07,"2,307,014",,,,,,,,,,32.07,,0,,"4,894",
2020-09-08,"2,299,447",,,,,,,,,,32.07,,0,,"5,320",
2020-09-09,"2,297,187",,,,,,,,,,32.07,,0,,"5,606",
2020-09-10,"2,291,539",,,,,,,,,,32.07,,0,,"5,699",
2020-09-11,"2,285,702",,,,,,,,,,32.07,,0,,"5,067",
2020-09-12,"2,280,251",,,,,,,,,,32.07,,0,,"4,719",
2020-09-13,"2,274,822",,,,,,,,,,32.07,,0,,"4,532",
2020-09-14,"2,268,269",,,,,,,,,,32.07,,0,,"4,856",
2020-09-15,"2,261,353",,,,,,,,,,32.07,,0,,"4,293",
2020-09-16,"2,256,699",,,,,,,,,,32.07,,0,,"4,265",
2020-09-17,"2,252,976",,,,,,,,,,32.07,,0,,"4,104",
2020-09-18,"2,249,812",,,,,,,,,,32.07,,0,,"5,054",
2020-09-19,"2,245,531",,,,,,,,,,32.07,,0,,"5,217",
2020-09-20,"2,240,899",,,,,,,,,,32.07,,0,,"4,321",
2020-09-21,"2,238,123",,,,,,,,,,32.07,,0,,"4,803",
2020-09-22,"2,235,717",,,,,,,,,,32.07,,0,,"4,892",
2020-09-23,"2,231,645",,,,,,,,,,32.07,,0,,"4,704",
2020-09-24,"2,226,463",,,,,,,,,,32.07,,0,,"4,259",
2020-09-25,"2,223,517",,,,,,,,,,32.07,,0,,"4,217",
2020-09-26,"2,218,365",,,,,,,,,,0,,0,,"4,509",
2020-09-27,"2,212,844",,,,,,,,,,0,,0,,"5,104",
2020-09-28,"2,208,796",,,,,,,,,,0,,0,,"4,205",
2020-09-29,"2,204,399",,,,,,,,,,0,,0,,"5,194",
2020-09-30,"2,200,375",,,,,,,,,,0,,0,,"5,737",
2020-10-01,"2,197,814",,,,,,,,,,0,,0,,"5,651",
2020-10-02,"2,193,423",,,,,,,,,,0,,0,,"5,931",
2020-10-03,"2,189,948",,,,,,,,,,0,,0,,"5,609",
2020-10-04,"2,185,216",,,,,,,,,,0,,0,,"4,899",
2020-10-05,"2,179,031",,,,,,,,,,0,,0,,"5,298",
2020-10-06,"2,172,665",,,,,,,,,,0.2,,0,,"5,262",
2020-10-07,"2,166,147",,,,,,,,,,0.2,,0,,"4,999",
2020-10-08,"2,161,084",,,,,,,,,,0.2,,0,,"5,264",
2020-10-09,"2,155,297",,,,,,,,,,0.2,,0,,"5,017",
2020-10-10,"2,150,610",,,,,,,,,,0.2,,0,,"4,744",
2020-10-11,"2,146,296",,,,,,,,,,0.2,,0,,"4,600",
2020-10-12,"2,141,082",,,,,,,,,,0.2,,0,,"4,293",
2020-10-13,"2,136,049",,,,,,,,,,0.2,,0,,"4,385",
2020-10-14,"2,132,469",,,,,,,,,,0.2,,0,,"4,068",
2020-10-15,"2,129,074",,,,,,,,,,0.2,,0,,"4,053",
2020-10-16,"2,126,035",,,,,,,,,,0.2,,0,,"3,930",
2020-10-17,"2,124,963",,,,,,,,,,0.2,,0,,"3,695",
2020-10-18,"2,126,035",,,,,,,,,,0.2,,0,,"3,824",
2020-10-19,"2,124,069",,,,,,,,,,0.2,,0,,"6,343",
2020-10-20,"2,127,108",,,,,,,,,,0.2,,0,,"4,309",
2020-10-21,"2,125,678",,,,,,,,,,0.2,,0,,"4,398",
2020-10-22,"2,117,457",,,,,,,,,,0.2,,0,,"5,403",
2020-10-23,"2,112,125",,,,,,,,,,0.2,,0,,"4,521",
2020-10-24,"2,106,440",,,,,,,,,,0.2,,0,,"4,159",
2020-10-25,"2,101,109",,,,,,,,,,0.2,,0,,"4,582",
2020-10-26,"2,098,980",,,,,,,,,,0.2,,0,,"4,506",
2020-10-27,"2,095,094",,,,,,,,,,0.2,,0,,"4,246",
2020-10-28,"2,090,501",,,,,,,,,,0.2,,0,,"4,816",
2020-10-29,"2,087,851",,,,,,,,,,0.2,,0,,"4,455",
2020-10-30,"2,085,025",,,,,,,,,,0.2,,0,,"4,646",
2020-10-31,"2,081,845",,,,,,,,,,0.2,,0,,"4,374",
2020-11-01,"2,078,157",,,,,,,,,,0.2,,0,,"3,913",
2020-11-02,"2,074,470",,,,,,,,,,0.28,,0,,"4,138",
2020-11-03,"2,069,553",,,,,,,,,,0.28,,0,,"4,867",
2020-11-04,"2,066,568",,,,,,,,,,0.28,,0,,"5,010",
2020-11-05,"2,063,063",,,,,,,,,,0.28,,0,,"4,961",
2020-11-06,"2,059,397",,,,,,,,,,0.28,,0,,"4,621",
2020-11-07,"2,055,732",,,,,,,,,,0.28,,0,,"4,485",
2020-11-08,"2,053,462",,,,,,,,,,0.3,,0,,"4,102",
2020-11-09,"2,051,018",,,,,,,,,,0.98,,0,,"4,376",
2020-11-10,"2,047,353",,,,,,,,,,1.03,,0,,"4,412",
2020-11-11,"2,044,037",,,,,,,,,,1.04,,0,,"4,766",
2020-11-12,"2,042,641",,,,,,,,,,1.04,,0,,"5,271",
2020-11-13,"2,043,514",,,,,,,,,,2.41,,0,,"4,055",
2020-11-14,"2,041,420",,,,,,,,,,2.44,,0,,"4,123",
2020-11-15,"2,037,931",,,,,,,,,,2.5,,0,,"4,006",
2020-11-16,"2,034,441",,,,,,,,,,2.5,,0,,"3,513",
2020-11-17,"2,031,126",,,,,,,,,,2.5,,0,,"3,799",
2020-11-18,"2,033,917",,,,,,,,,,2.5,,0,,"3,628",
2020-11-19,"2,034,266",,,,,,,,,,2.5,,0,,"3,794",
2020-11-20,"2,034,615",,,,,,,,,,2.5,,0,,"3,814",
2020-11-21,"2,035,313",,,,,,,,,,2.5,,0,,"3,868",
2020-11-22,"2,037,058",,,,,,,,,,2.5,,0,,"4,060",
2020-11-23,"2,037,582",,,,,,,,,,2.5,,0,,"3,350",
2020-11-24,"2,035,313",,,,,,,,,,2.5,,0,,"3,651",
2020-11-25,"2,033,220",,,,,,,,,,2.5,,0,,"3,910",
2020-11-26,"2,030,602",,,,,,,,,,2.5,,0,,"3,449",
2020-11-27,"2,029,208",,,,,,,,,,2.5,,0,,"3,496",
2020-11-28,"2,027,647",,,,,,,,,,2.5,,0,,"3,275",
2020-11-29,"2,024,872",,,,,,,,,,2.5,,0,,"3,552",
2020-11-30,"2,022,617",,,,,,,,,,2.5,,0,,"3,065",
2020-12-01,"2,020,362",,,,,,,,,,2.5,,0,,"2,955",
2020-12-02,"2,020,362",,,,,,,,,,2.5,,0,,"3,171",
2020-12-03,"2,019,321",,,,,,,,,,2.5,,0,,"3,318",
2020-12-04,"2,018,801",,,,,,,,,,2.5,,0,,"3,461",
2020-12-05,"2,019,321",,,,,,,,,,2.5,,0,,"3,090",
2020-12-06,"2,018,281",,,,,,,,,,2.5,,0,,"3,083",
2020-12-07,"2,018,801",,,,,,,,,,2.65,,0,,"3,174",
2020-12-08,"2,017,761",,,,,,,,,,2.92,,0,,"3,069",
2020-12-09,"2,016,546",,,,,,,,,,3.42,,0,,"2,758",
2020-12-10,"2,016,546",,,,,,,,,,3.42,,0,,"3,070",
2020-12-11,"2,015,853",,,,,,,,,,3.44,,0,,"3,300",
2020-12-12,"2,013,771",,,,,,,,,,4.14,,0,,"3,396",
2020-12-13,"2,015,679",,,,,,,,,,4.15,,0,,"2,809",
2020-12-14,"2,016,026",,,,,,,,,,4.15,,0,,"2,941",
2020-12-15,"2,018,454",,,,,,,,,,4.15,,0,,"2,840",
2020-12-16,"2,017,414",,,,,,,,,,4.15,,0,,"2,998",
2020-12-17,"2,021,056",,,,,,,,,,4.16,,0,,"2,569",
2020-12-18,"2,022,270",,,,,,,,,,4.17,,0,,"2,769",
2020-12-19,"2,020,709",,,,,,,,,,4.17,,0,,"2,995",
2020-12-20,"2,020,709",,,,,,,,,,4.17,,0,,"2,900",
2020-12-21,"2,021,229",,,,,,,,,,5.25,,0,,"2,872",
2020-12-22,"2,022,097",,,,,,,,,,5.26,,0,,"2,936",
2020-12-23,"2,022,443",,,,,,,,,,5.26,,0,,"2,708",
2020-12-24,"2,023,311",,,,,,,,,,5.26,,0,,"2,740",
2020-12-25,"2,026,606",,,,,,,,,,5.26,,0,,"3,131",
2020-12-26,"2,027,300",,,,,,,,,,5.27,,0,,"3,141",
2020-12-27,"2,027,126",,,,,,,,,,5.27,,0,,"2,723",
2020-12-28,"2,028,514",,,,,,,,,,5.36,,0,,"2,871",
2020-12-29,"2,030,253",,,,,,,,,,5.63,,0,,"2,477",
2020-12-30,"2,031,649",,,,,,,,,,6.88,,0,,"2,738",
2020-12-31,"2,031,649",,,,,,,,,,8,,0,,"2,648",
2021-01-01,"2,033,220",,,,,,,,,,8.02,,0,,"3,241",
2021-01-02,"2,034,964",,,,,,,,,,8.27,,0,,"3,083",
2021-01-03,"2,037,756",,,,,,,,,,8.72,,0,,"2,579",
2021-01-04,"2,049,273",,,,,,,,,,8.73,,0,,"2,043",
2021-01-05,"2,052,240",,,,,,,,,,8.74,,0,,"2,830",
2021-01-06,"2,056,430",,,,,,,,,,8.74,,0,,"3,470",
2021-01-07,"2,057,477",,,,,,,,,,8.91,,0,,"3,378",
2021-01-08,"2,062,365",,,,,,,,,,9.83,,0,,"3,250",
2021-01-09,"2,066,041",,,,,,,,,,9.84,,0,,"2,470",
2021-01-10,"2,065,339",,,,,,,,,,9.84,,0,,"2,929",
2021-01-11,"2,064,987",,,,,,,,,,9.84,,0,,"2,456",
2021-01-12,"2,067,797",,,,,,,,,,9.84,,0,,"3,012",
2021-01-13,"2,073,416",,,,,,,,,,9.84,,0,,"2,960",
2021-01-14,"2,076,928",,,,,,,,,,9.84,,0,,"2,803",
2021-01-15,"2,078,684",,,,,,,,,,9.84,,0,,"2,929",
2021-01-16,"2,082,022",,,,,,,,,,9.84,,0,,"2,836",
2021-01-17,"2,082,552",,,,,,,,,,9.86,,0,,"2,927",
2021-01-18,"2,082,552",,,,,,,,,,9.86,,0,,"2,804",
2021-01-19,"2,083,965",,,,,,,,,,9.86,,0,,"2,768",
2021-01-20,"2,085,908",,,,,,,,,,9.96,,0,,"2,893",
2021-01-21,"2,087,145",,,,,,,,,,9.96,,0,,"2,092",
2021-01-22,"2,088,911",,,,,,,,,,11.71,,0,,"2,980",
2021-01-23,"2,089,794",,,,,,,,,,13.39,,0,,"2,502",
2021-01-24,"2,092,974",,,,,,,,,,14.03,,0,,"2,744",
2021-01-25,"2,094,564",,,,,,,,,,14.64,,0,,"2,733",
2021-01-26,"2,099,157",,,,,,,,,,14.87,,0,,"2,934",
2021-01-27,"2,105,018",,,,,,,,,,15.02,,0,,"2,516",
2021-01-28,"2,110,526",,,,,,,,,,15.72,,0,,"3,040",
2021-01-29,"2,116,745",,,,,,,,,,15.75,,0,,"2,756",
2021-01-30,"2,122,818",,,,,,,,,,15.81,,0,,"1,754",
2021-01-31,"2,128,716",,,,,,,,,,15.81,,0,,"2,885",
2021-02-01,"2,136,408",,,,,,,,,,15.81,,0,,"2,938",
2021-02-02,"2,147,734",,,,,,,,,,15.81,,0,,"3,089",
2021-02-03,"2,161,988",,,,,,,,,,15.81,,0,,"2,917",
2021-02-04,"2,174,120",,,,,,,,,,15.81,,0,,"2,723",
2021-02-05,"2,178,122",,,,,,,,,,15.81,,0,,"2,927",
2021-02-06,"2,181,942",,,,,,,,,,15.81,,0,,"3,251",
2021-02-07,"2,185,034",,,,,,,,,,16.77,,0,,"3,117",
2021-02-08,"2,187,398",,,,,,,,,,17.17,,0,,"3,078",
2021-02-09,"2,190,314",,,,,,,,,,17.37,,0,,"3,149",
2021-02-10,"2,193,972",,,,,,,,,,17.96,,0,,"2,157",
2021-02-11,"2,198,180",,,,,,,,,,17.98,,0,,"2,802",
2021-02-12,"2,203,485",,,,,,,,,,17.98,,0,,"2,603",
2021-02-13,"2,212,476",,,,,,,,,,17.98,,0,,"2,573",
2021-02-14,"2,218,733",,,,,,,,,,18.41,,0,,"2,629",
2021-02-15,"2,226,463",,,,,,,,,,18.51,,0,,"2,592",
2021-02-16,"2,231,830",,,,,,,,,,18.51,,0,,"2,726",
2021-02-17,"2,237,937",,,,,,,,,,18.51,,0,,"3,209",
2021-02-18,"2,243,305",,,,,,,,,,18.51,,0,,"3,007",
2021-02-19,"2,249,812",,,,,,,,,,18.51,,0,,"2,706",
2021-02-20,"2,252,604",,,,,,,,,,18.51,,0,,"3,315",
2021-02-21,"2,256,327",,,,,,,,,,18.51,,0,,"2,648",
2021-02-22,"2,258,002",,,,,,,,,,18.51,,0,,"2,726",
2021-02-23,"2,261,539",,,,,,,,,,18.51,,0,,"2,790",
2021-02-24,"2,266,022",,,,,,,,,,18.51,,0,,"2,782",
2021-02-25,"2,267,520",,,,,,,,,,18.51,,0,,"2,935",
2021-02-26,"2,270,328",,,,,,,,,,18.51,,0,,"3,661",
2021-02-27,"2,273,324",,,,,,,,,,18.51,,0,,"3,442",
2021-02-28,"2,277,443",,,,,,,,,,18.51,,0,,"3,287",
2021-03-01,"2,281,749",,,,,,,,,,18.93,,0,,"3,277",
2021-03-02,"2,283,254",,,,,,,,,,18.93,,0,,"3,102",
2021-03-03,"2,281,749",,,,,,,,,,18.93,,0,,"3,404",
2021-03-04,"2,285,890",,,,,,,,,,18.95,,0,,"2,747",
2021-03-05,"2,286,078",,,,,,,,,,20.39,,0,,"3,481",
2021-03-06,"2,289,656",,,,,,,,,,20.59,,0,,"3,424",
2021-03-07,"2,287,961",,,,,,,,,,20.66,,0,,"2,843",
2021-03-08,"2,288,150",,,,,,,,,,20.66,,0,,"2,804",
2021-03-09,"2,294,740",,,,,,,,,,20.66,,0,,"3,143",
2021-03-10,"2,298,506",,,,,,,,,,21.59,,0,,"3,187",
2021-03-11,"2,300,012",,,,,,,,,,21.59,,0,,"3,262",
2021-03-12,"2,303,416",,,,,,,,,,21.59,,0,,"3,173",
2021-03-13,"2,307,582",,,,,,,,,,21.75,,0,,"2,655",
2021-03-14,"2,312,315",,,,,,,,,,23.06,,0,,"2,687",
2021-03-15,"2,316,670",,,,,,,,,,23.22,,0,,"2,786",
2021-03-16,"2,319,700",,,,,,,,,,23.23,,0,,"3,171",
2021-03-17,"2,321,986",,,,,,,,,,23.23,,0,,"3,122",
2021-03-18,"2,329,604",,,,,,,,,,23.23,,0,,"3,224",
2021-03-19,"2,341,428",,,,,,,,,,23.23,,0,,"3,090",
2021-03-20,"2,349,856",,,,,,,,,,23.23,,0,,"2,783",
2021-03-21,"2,357,900",,,,,,,,,,23.23,,0,,"2,779",
2021-03-22,"2,364,835",,,,,,,,,,23.23,,0,,"3,005",
2021-03-23,"2,369,650",,,,,,,,,,23.23,,0,,"2,905",
2021-03-24,"2,372,925",,,,,,,,,,23.23,,0,,"2,919",
2021-03-25,"2,376,778",,,,,,,,,,23.23,,0,,"3,160",
2021-03-26,"2,380,263",,,,,,,,,,23.23,,0,,"3,506",
2021-03-27,"2,382,975",,,,,,,,,,23.23,,0,,"3,597",
2021-03-28,"2,385,493",,,,,,,,,,23.23,,0,,"3,644",
2021-03-29,"2,390,143",,,,,,,,,,23.23,,0,,"3,998",
2021-03-30,"2,389,562",,,,,,,,,,23.23,,0,,"4,164",
2021-03-31,"2,391,693",,,,,,,,,,23.23,,0,,"4,252",
2021-04-01,"2,391,499",,,,,,,,,,23.23,,0,,"3,791",
2021-04-02,"2,394,986",,,,,,,,,,23.23,,0,,"3,723",
2021-04-03,"2,396,342",,,,,,,,,,23.23,,0,,"4,445",
2021-04-04,"2,394,018",,,,,,,,,,23.23,,0,,"4,761",
2021-04-05,"2,393,049",,,,,,,,,,23.23,,0,,"2,505",
2021-04-06,"2,394,211",,,,,,,,,,23.23,,0,,"4,697",
2021-04-07,"2,393,824",,,,,,,,,,23.23,,0,,"4,253",
2021-04-08,"2,394,405",,,,,,,,,,23.23,,0,,"4,739",
2021-04-09,"2,393,436",,,,,,,,,,23.23,,0,,"5,031",
2021-04-10,"2,394,792",,,,,,,,,,23.23,,0,,"5,308",
2021-04-11,"2,390,724",,,,,,,,,,23.23,,0,,"5,603",
2021-04-12,"2,390,918",,,,,,,,,,23.23,,0,,"5,526",
2021-04-13,"2,386,850",,,,,,,,,,23.23,,0,,"4,752",
2021-04-14,"2,382,781",,,,,,,,,,23.23,,0,,"4,408",
2021-04-15,"2,380,069",,,,,,,,,,23.23,,0,,"2,736",
2021-04-16,"2,375,237",,,,,,,,,,23.23,,0,,"2,014",
2021-04-17,"2,371,769",,,,,,,,,,23.23,,0,,"1,297",
2021-04-18,"2,364,642",,,,,,,,,,23.23,,0,,36,
2021-04-19,"2,359,248",,,,,,,,,,23.23,,0,,29,
2021-04-20,"2,352,537",,,,,,,,,,23.27,,0,,564,
2021-04-21,"2,348,707",,,,,,,,,,23.7,,0,,628,
2021-04-22,"2,340,471",,,,,,,,,,23.7,,0,,310,
2021-04-23,"2,334,176",,,,,,,,,,23.7,,0,,26,
2021-04-24,"2,328,271",,,,,,,,,,23.7,,0,,27,
2021-04-25,"2,320,843",,,,,,,,,,23.7,,0,,28,
2021-04-26,"2,316,670",,,,,,,,,,23.7,,0,,29,
2021-04-27,"2,310,801",,,,,,,,,,23.7,,0,,25,
2021-04-28,"2,301,712",,,,,,,,,,23.7,,0,,30,
2021-04-29,"2,295,493",,,,,,,,,,23.7,,0,,29,
2021-04-30,"2,288,150",,,,,,,,,,23.7,,0,,29,
2021-05-01,"2,282,689",,,,,,,,,,23.7,,0,,818,
2021-05-02,"2,277,256",,,,,,,,,,23.7,,0,,784,
2021-05-03,"2,270,516",,,,,,,,,,23.7,,0,,776,
2021-05-04,"2,260,050",,,,,,,,,,23.7,,0,,819,
2021-05-05,"2,252,604",,,,,,,,,,23.7,,0,,670,
2021-05-06,"2,243,305",,,,,,,,,,23.7,,0,,"3,572",
2021-05-07,"2,232,756",,,,,,,,,,23.7,,0,,"4,001",
2021-05-08,"2,223,701",,,,,,,,,,23.7,,0,,"4,305",
2021-05-09,"2,212,292",,,,,,,,,,23.7,,0,,"6,314",
2021-05-10,"2,203,668",,,,,,,,,,23.7,,0,,"6,760",
2021-05-11,"2,190,131",,,,,,,,,,23.7,,0,,"6,222",
2021-05-12,"2,179,213",,,,,,,,,,23.7,,0,,"6,575",
2021-05-13,"2,167,413",,,,,,,,,,23.7,,0,,"6,510",
2021-05-14,"2,157,829",,,,,,,,,,23.7,,0,,"6,330",
2021-05-15,"2,143,779",,,,,,,,,,23.7,,0,,"6,648",
2021-05-16,"2,131,576",,,,,,,,,,23.7,,0,,"7,361",
2021-05-17,"2,119,780",,,,,,,,,,23.7,,0,,"7,377",
2021-05-18,"2,107,861",,,,,,,,,,23.7,,0,,"7,696",
2021-05-19,"2,095,270",,,,,,,,,,23.7,,0,,"8,071",
2021-05-20,"2,082,375",,,,,,,,,,23.7,,0,,"8,170",
2021-05-21,"2,069,026",,,,,,,,,,23.7,,0,,"6,911",
2021-05-22,"2,059,048",,,,,,,,,,23.7,,0,,"6,637",
2021-05-23,"2,047,353",,,,,,,,,,23.7,,0,,"6,939",
2021-05-24,"2,037,582",,,,,,,,,,23.7,,0,,"5,779",
2021-05-25,"2,031,649",,,,,,,,,,23.7,,0,,"7,150",
2021-05-26,"2,020,015",,,,,,,,,,23.7,,0,,"6,290",
2021-05-27,"2,011,003",,,,,,,,,,23.7,,0,,"6,698",
2021-05-28,"1,999,451",,,,,,,,,,23.7,,0,,"5,824",
2021-05-29,"1,994,453",,,,,,,,,,23.7,,0,,"5,348",
2021-05-30,"1,983,486",,,,,,,,,,23.7,,0,,"6,323",
2021-05-31,"1,976,296",,,,,,,,,,23.7,,0,,"7,080",
2021-06-01,"1,971,357",,,,,,,,,,23.7,,0,,"6,736",
2021-06-02,"1,967,269",,,,,,,,,,23.7,,0,,"6,109",
2021-06-03,"1,960,627",,,,,,,,,,23.7,,0,,"5,510",
2021-06-04,"1,950,807",,,,,,,,,,23.7,,0,,"6,168",
2021-06-05,"1,940,330",,,,,,,,,,23.7,,0,,"5,529",
2021-06-06,"1,930,738",,,,,,,,,,23.7,,0,,"5,835",
2021-06-07,"1,922,016",,,,,,,,,,23.7,,0,,"5,572",
2021-06-08,"1,914,657",,,,,,,,,,23.7,,0,,"5,120",
2021-06-09,"1,907,149",,,,,,,,,,23.7,,0,,"5,323",
2021-06-10,"1,901,330",,,,,,,,,,23.7,,0,,"5,957",
2021-06-11,"1,894,181",,,,,,,,,,23.7,,0,,"5,462",
2021-06-12,"1,887,073",,,,,,,,,,23.7,,0,,"7,083",
2021-06-13,"1,880,465",,,,,,,,,,23.7,,0,,"7,079",
2021-06-14,"1,876,175",,,,,,,,,,23.7,,0,,"6,321",
2021-06-15,"1,868,784",,,,,,,,,,23.7,,0,,"6,153",
2021-06-16,"1,862,049",,,,,,,,,,23.7,,0,,"6,350",
2021-06-17,"1,854,368",,,,,,,,,,23.7,,0,,"6,098",
2021-06-18,"1,845,389",,,,,,,,,,23.7,,0,,"4,895",
2021-06-19,"1,839,056",,,,,,,,,,23.7,,0,,"5,644",
2021-06-20,"1,835,488",,,,,,,,,,23.7,,0,,"6,525",
2021-06-21,"1,831,757",,,,,,,,,,23.7,,0,,"6,556",
2021-06-22,"1,825,770",,,,,,,,,,23.7,,0,,"7,560",
2021-06-23,"1,814,162",,,,,,,,,,23.7,,0,,"6,956",
2021-06-24,"1,802,452",,,,,,,,,,23.7,,0,,"7,043",
2021-06-25,"1,790,788",,,,,,,,,,23.7,,0,,"6,040",
2021-06-26,"1,781,075",,,,,,,,,,23.7,,0,,"7,022",
2021-06-27,"1,767,776",,,,,,,,,,23.7,,0,,"6,563",
2021-06-28,"1,761,621",,,,,,,,,,23.7,,0,,"6,962",
2021-06-29,"1,752,185",,,,,,,,,,23.7,,0,,"7,238",
2021-06-30,"1,745,911",,,,,,,,,,23.7,,0,,"6,749",
2021-07-01,"1,737,317",,,,,,,,,,23.7,,0,,"7,429",
2021-07-02,"1,728,437",,,,,,,,,,23.7,,0,,"7,229",
2021-07-03,"1,719,274",,,,,,,,,,23.7,,0,,"6,983",
2021-07-04,"1,708,085",,,,,,,,,,23.7,,0,,"7,454",
2021-07-05,"1,698,470",,,,,,,,,,23.7,,0,,"6,606",
2021-07-06,"1,687,197",,,,,,,,,,23.7,,0,,"6,843",
2021-07-07,"1,675,682",,,,,,,,,,23.7,,0,,"7,159",
2021-07-08,"1,666,808",,,,,,,,,,23.7,,0,,"7,204",
2021-07-09,"1,658,575",,,,,,,,,,23.7,,0,,"6,767",
2021-07-10,"1,650,527",,,,,,,,,,23.7,,0,,"7,131",
2021-07-11,"1,641,589",,,,,,,,,,23.7,,0,,"6,757",
2021-07-12,"1,631,047",,,,,,,,,,23.7,,0,,"6,705",
2021-07-13,"1,620,393",,,,,,,,,,23.7,,0,,"7,255",
2021-07-14,"1,612,467",,,,,,,,,,23.7,,0,,"6,721",
2021-07-15,"1,602,500",,,,,,,,,,23.7,,0,,"6,716",
2021-07-16,"1,591,827",,,,,,,,,,23.7,,0,,"7,212",
2021-07-17,"1,582,379",,,,,,,,,,23.7,,0,,"7,010",
2021-07-18,"1,571,224",,,,,,,,,,23.7,,0,,"6,893",
2021-07-19,"1,561,284",,,,,,,,,,23.7,,0,,"6,274",
2021-07-20,"1,552,687",,,,,,,,,,23.7,,0,,"7,182",
2021-07-21,"1,543,272",,,,,,,,,,23.7,,0,,"6,912",
2021-07-22,"1,534,029",,,,,,,,,,23.7,,0,,"7,167",
2021-07-23,"1,525,258",,,,,,,,,,23.83,,0,,"6,835",
2021-07-24,"1,516,670",,,,,,,,,,23.83,,0,,"6,695",
2021-07-25,"1,505,406",,,,,,,,,,23.83,,0,,"6,309",
2021-07-26,"1,495,613",,,,,,,,,,23.83,,0,,"6,588",
2021-07-27,"1,486,442",,,,,,,,,,23.83,,0,,"6,400",
2021-07-28,"1,477,999",,,,,,,,,,23.83,,0,,"6,832",
2021-07-29,"1,468,616",,,,,,,,,,23.83,,0,,"6,848",
2021-07-30,"1,460,671",,,,,,,,,,23.83,,0,,"5,921",
2021-07-31,"1,453,576",,,,,,,,,,23.83,,0,,"5,819",
2021-08-01,"1,445,000",,,,,,,,,,23.83,,0,,"6,625",
2021-08-02,"1,432,604",,,,,,,,,,23.83,,0,,"6,572",
2021-08-03,"1,423,684",,,,,,,,,,23.83,,0,,"6,666",
2021-08-04,"1,414,089",,,,,,,,,,23.83,,0,,"6,584",
2021-08-05,"1,404,948",,,,,,,,,,23.83,,0,,"5,970",
2021-08-06,"1,397,461",,,,,,,,,,23.83,,0,,"6,103",
2021-08-07,"1,388,402",,,,,,,,,,23.83,,0,,"5,693",
2021-08-08,"1,380,583",,,,,,,,,,23.83,,0,,"6,127",
2021-08-09,"1,373,197",,,,,,,,,,23.83,,0,,"6,068",
2021-08-10,"1,364,643",,,,,,,,,,23.83,,0,,"6,160",
2021-08-11,"1,356,777",,,,,,,,,,23.83,,0,,"6,696",
2021-08-12,"1,348,830",,,,,,,,,,23.83,,0,,"6,126",
2021-08-13,"1,340,903",,,,,,,,,,23.83,,0,,"5,755",
2021-08-14,"1,333,931",,,,,,,,,,23.83,,0,,"5,782",
2021-08-15,"1,326,724",,,,,,,,,,23.83,,0,,"5,690",
2021-08-16,"1,317,192",,,,,,,,,,23.83,,0,,"5,377",
2021-08-17,"1,309,278",,,,,,,,,,23.83,,0,,"5,474",
2021-08-18,"1,304,222",,,,,,,,,,23.83,,0,,"5,164",
2021-08-19,"1,298,296",,,,,,,,,,23.83,,0,,"5,037",
2021-08-20,"1,292,369",,,,,,,,,,23.83,,0,,"5,002",
2021-08-21,"1,285,969",,,,,,,,,,23.83,,0,,"5,398",
2021-08-22,"1,277,408",,,,,,,,,,23.83,,0,,"5,503",
2021-08-23,"1,273,216",,,,,,,,,,23.83,,0,,"5,208",
2021-08-24,"1,266,356",,,,,,,,,,23.83,,0,,"5,120",
2021-08-25,"1,259,921",,,,,,,,,,23.83,,0,,"5,207",
2021-08-26,"1,252,361",,,,,,,,,,23.83,,0,,"5,617",
2021-08-27,"1,248,854",,,,,,,,,,23.83,,0,,"4,786",
2021-08-28,"1,242,967",,,,,,,,,,23.83,,0,,"5,123",
2021-08-29,"1,237,232",,,,,,,,,,23.83,,0,,"5,609",
2021-08-30,"1,230,515",,,,,,,,,,23.83,,0,,"5,348",
2021-08-31,"1,226,673",,,,,,,,,,23.83,,0,,"5,686",
2021-09-01,"1,220,868",,,,,,,,,,23.83,,0,,"5,683",
2021-09-02,"1,214,828",,,,,,,,,,23.83,,0,,"5,635",
2021-09-03,"1,208,205",,,,,,,,,,23.83,,0,,"5,686",
2021-09-04,"1,201,723",,,,,,,,,,23.83,,0,,"5,058",
2021-09-05,"1,194,782",,,,,,,,,,24.15,,0,,"5,186",
2021-09-06,"1,186,057",,,,,,,,,,24.47,,0,,"5,311",
2021-09-07,"1,179,772",,,,,,,,,,24.79,,0,,"4,718",
2021-09-08,"1,174,490",,,,,,,,,,24.79,,0,,"4,632",
2021-09-09,"1,169,449",,,,,,,,,,24.79,,0,,"4,821",
2021-09-10,"1,163,566",,,,,,,,,,24.79,,0,,"4,925",
2021-09-11,"1,159,485",,,,,,,,,,24.79,,0,,"4,605",
2021-09-12,"1,154,930",,,,,,,,,,24.79,,0,,"4,614",
2021-09-13,"1,152,904",,,,,,,,,,24.79,,0,,"5,157",
2021-09-14,"1,147,898",,,,,,,,,,24.96,,0,,"5,204",
2021-09-15,"1,143,137",,,,,,,,,,24.96,,0,,"4,561",
2021-09-16,"1,138,404",,,,,,,,,,24.96,,0,,"4,743",
2021-09-17,"1,134,264",,,,,,,,,,24.96,,0,,"4,151",
2021-09-18,"1,127,788",,,,,,,,,,24.96,,0,,"4,574",
2021-09-19,"1,121,445",,,,,,,,,,24.96,,0,,"4,933",
2021-09-20,"1,115,724",,,,,,,,,,24.96,,0,,"4,345",
2021-09-21,"1,111,061",,,,,,,,,,24.96,,0,,"4,002",
2021-09-22,"1,108,266",,,,,,,,,,24.96,,0,,"4,537",
2021-09-23,"1,104,678",,,,,,,,,,25.08,,0,,"5,024",
2021-09-24,"1,100,396",,,,,,,,,,25.08,,0,,"4,980",
2021-09-25,"1,097,387",,,,,,,,,,25.08,,0,,"4,353",
2021-09-26,"1,092,331",,,,,,,,,,0,,0,,"5,015",
2021-09-27,"1,087,966",,,,,,,,,,0,,0,,"4,846",
2021-09-28,"1,081,791",,,,,,,,,,0,,0,,"4,848",
2021-09-29,"1,076,888",,,,,,,,,,0,,0,,"5,048",
2021-09-30,"1,074,380",,,,,,,,,,0,,0,,"4,646",
2021-10-01,"1,069,512",,,,,,,,,,0,,0,,"4,415",
2021-10-02,"1,064,079",,,,,,,,,,0,,0,,"4,650",
2021-10-03,"1,058,116",,,,,,,,,,0,,0,,"4,738",
2021-10-04,"1,052,949",,,,,,,,,,0,,0,,"4,817",
2021-10-05,"1,048,814",,,,,,,,,,0,,0,,"5,101",
2021-10-06,"1,045,358",,,,,,,,,,0,,0,,"4,870",
2021-10-07,"1,040,343",,,,,,,,,,0,,0,,"4,960",
2021-10-08,"1,035,695",,,,,,,,,,0,,0,,"4,903",
2021-10-09,"1,030,604",,,,,,,,,,0,,0,,"4,562",
2021-10-10,"1,025,104",,,,,,,,,,0,,0,,"4,483",
2021-10-11,"1,018,296",,,,,,,,,,0,,0,,"5,066",
2021-10-12,"1,012,736",,,,,,,,,,0,,0,,"5,737",
2021-10-13,"1,007,505",,,,,,,,,,0.18,,0,,"5,913",
2021-10-14,"1,002,420",,,,,,,,,,0.21,,0,,"5,943",
2021-10-15,"998,850",,,,,,,,,,1.26,,0,,"5,438",
2021-10-16,"995,722",,,,,,,,,,1.87,,0,,"5,239",
2021-10-17,"988,207",,,,,,,,,,4.52,,0,,"4,399",
2021-10-18,"981,905",,,,,,,,,,4.8,,0,,"4,520",
2021-10-19,"974,031",,,,,,,,,,6.82,,0,,"4,810",
2021-10-20,"970,330",,,,,,,,,,9.57,,0,,"4,599",
2021-10-21,"967,370",,,,,,,,,,9.63,,0,,"4,851",
2021-10-22,"970,859",,,,,,,,,,10.35,,0,,"4,878",
2021-10-23,"971,493",,,,,,,,,,10.4,,0,,"5,385",
2021-10-24,"988,851",,,,,,,,,,10.4,,0,,"4,798",
2021-10-25,"1,001,122",,,,,,,,,,10.64,,0,,"4,796",
2021-10-26,"1,004,043",,,,,,,,,,10.64,,0,,"4,432",
2021-10-27,"1,005,449",,,,,,,,,,10.71,,0,,"4,968",
2021-10-28,"1,005,017",,,,,,,,,,12.75,,0,,"3,021",
2021-10-29,"1,006,315",,,,,,,,,,12.75,,0,,"3,316",
2021-10-30,"1,005,125",,,,,,,,,,13.1,,0,,"3,430",
2021-10-31,"1,001,988",,,,,,,,,,13.51,,0,,"2,666",
2021-11-01,"1,002,745",,,,,,,,,,13.51,,0,,"3,197",
2021-11-02,"1,009,684",,,,,,,,,,13.51,,0,,"3,111",
2021-11-03,"1,012,082",,,,,,,,,,13.64,,0,,"3,707",
2021-11-04,"1,020,161",,,,,,,,,,15.68,,0,,"3,511",
2021-11-05,"1,027,191",,,,,,,,,,15.79,,0,,"1,730",
2021-11-06,"1,033,260",,,,,,,,,,15.81,,0,,"2,908",
2021-11-07,"1,036,691",,,,,,,,,,15.81,,0,,"3,490",
2021-11-08,"1,043,686",,,,,,,,,,15.81,,0,,"2,623",
2021-11-09,"1,054,184",,,,,,,,,,15.81,,0,,"2,938",
2021-11-10,"1,066,795",,,,,,,,,,15.81,,0,,"2,860",
2021-11-11,"1,073,021",,,,,,,,,,15.81,,0,,"2,458",
2021-11-12,"1,078,599",,,,,,,,,,15.81,,0,,"2,883",
2021-11-13,"1,083,160",,,,,,,,,,15.81,,0,,"2,791",
2021-11-14,"1,087,621",,,,,,,,,,16.06,,0,,"2,935",
2021-11-15,"1,090,952",,,,,,,,,,16.07,,0,,"3,025",
2021-11-16,"1,096,237",,,,,,,,,,16.07,,0,,"2,768",
2021-11-17,"1,099,702",,,,,,,,,,16.07,,0,,"2,830",
2021-11-18,"1,104,331",,,,,,,,,,16.07,,0,,"2,543",
2021-11-19,"1,106,993",,,,,,,,,,16.07,,0,,"2,718",
2021-11-20,"1,109,429",,,,,,,,,,16.07,,0,,"3,121",
2021-11-21,"1,112,110",,,,,,,,,,16.07,,0,,"3,474",
2021-11-22,"1,114,559",,,,,,,,,,16.07,,0,,"2,900",
2021-11-23,"1,111,411",,,,,,,,,,16.07,,0,,"2,998",
2021-11-24,"1,111,877",,,,,,,,,,16.07,,0,,"3,275",
2021-11-25,"1,113,626",,,,,,,,,,16.07,,0,,"2,708",
2021-11-26,"1,114,675",,,,,,,,,,16.07,,0,,"3,577",
2021-11-27,"1,115,724",,,,,,,,,,16.07,,0,,"2,746",
2021-11-28,"1,116,074",,,,,,,,,,16.07,,0,,"2,761",
2021-11-29,"1,116,541",,,,,,,,,,16.07,,0,,"2,937",
2021-11-30,"1,117,240",,,,,,,,,,16.07,,0,,"3,020",
2021-12-01,"1,117,940",,,,,,,,,,16.07,,0,,"2,969",
2021-12-02,"1,121,093",,,,,,,,,,16.3,,0,,"2,542",
2021-12-03,"1,119,805",,,,,,,,,,16.33,,0,,"2,948",
2021-12-04,"1,116,774",,,,,,,,,,16.35,,0,,"1,983",
2021-12-05,"1,114,092",,,,,,,,,,16.35,,0,,"2,437",
2021-12-06,"1,114,908",,,,,,,,,,16.35,,0,,"3,174",
2021-12-07,"1,118,989",,,,,,,,,,18.3,,0,,"2,965",
2021-12-08,"1,117,007",,,,,,,,,,20.23,,0,,"1,313",
2021-12-09,"1,119,222",,,,,,,,,,21.23,,0,,"2,985",
2021-12-10,"1,120,975",,,,,,,,,,22.62,,0,,"2,509",
2021-12-11,"1,119,805",,,,,,,,,,25.85,,0,,"1,691",
2021-12-12,"1,125,321",,,,,,,,,,25.88,,0,,"1,741",
2021-12-13,"1,145,634",,,,,,,,,,25.88,,0,,"3,083",
2021-12-14,"1,159,364",,,,,,,,,,25.88,,0,,"2,602",
2021-12-15,"1,174,850",,,,,,,,,,25.88,,0,,"2,536",
2021-12-16,"1,188,113",,,,,,,,,,25.88,,0,,"2,045",
2021-12-17,"1,199,653",,,,,,,,,,26.38,,0,,"2,774",
2021-12-18,"1,206,243",,,,,,,,,,26.38,,0,,"2,431",
2021-12-19,"1,210,781",,,,,,,,,,27.93,,0,,"2,336",
2021-12-20,"1,217,410",,,,,,,,,,29.53,,0,,"2,629",
2021-12-21,"1,223,833",,,,,,,,,,29.53,,0,,"2,929",
2021-12-22,"1,230,888",,,,,,,,,,29.83,,0,,"3,545",
2021-12-23,"1,244,846",,,,,,,,,,30.13,,0,,"2,227",
2021-12-24,"1,258,786",,,,,,,,,,30.13,,0,,"3,893",
2021-12-25,"1,276,900",,,,,,,,,,30.13,,0,,"3,228",
2021-12-26,"1,289,167",,,,,,,,,,30.23,,0,,"3,020",
2021-12-27,"1,301,130",,,,,,,,,,30.23,,0,,"2,932",
2021-12-28,"1,311,354",,,,,,,,,,30.23,,0,,"2,757",
2021-12-29,"1,319,409",,,,,,,,,,30.23,,0,,"3,010",
2021-12-30,"1,325,288",,,,,,,,,,32.13,,0,,"1,695",
2021-12-31,"1,331,300",,,,,,,,,,34.03,,0,,"2,790",
2022-01-01,"1,335,247",,,,,,,,,,34.06,,0,,"2,708",
2022-01-02,"1,340,246",,,,,,,,,,34.61,,0,,"2,032",
2022-01-03,"1,350,287",,,,,,,,,,34.78,,0,,"2,713",
2022-01-04,"1,369,444",,,,,,,,,,34.82,,0,,"2,263",
2022-01-05,"1,389,348",,,,,,,,,,34.86,,0,,"2,634",
2022-01-06,"1,407,398",,,,,,,,,,34.9,,0,,"2,937",
2022-01-07,"1,429,584",,,,,,,,,,34.9,,0,,"3,646",
2022-01-08,"1,461,366",,,,,,,,,,34.9,,0,,"3,044",
2022-01-09,"1,483,623",,,,,,,,,,34.9,,0,,"2,769",
2022-01-10,"1,499,445",,,,,,,,,,34.9,,0,,"2,833",
2022-01-11,"1,513,671",,,,,,,,,,34.9,,0,,"2,948",
2022-01-12,"1,521,813",,,,,,,,,,34.9,,0,,"2,399",
2022-01-13,"1,530,722",,,,,,,,,,34.9,,0,,"2,348",
2022-01-14,"1,537,338",,,,,,,,,,34.9,,0,,"3,199",
2022-01-15,"1,546,167",,,,,,,,,,34.9,,0,,"3,343",
2022-01-16,"1,552,396",,,,,,,,,,34.9,,0,,"3,042",
2022-01-17,"1,560,118",,,,,,,,,,34.9,,0,,"3,161",
2022-01-18,"1,567,998",,,,,,,,,,34.9,,0,,"3,229",
2022-01-19,"1,575,037",,,,,,,,,,34.9,,0,,"2,864",
2022-01-20,"1,579,876",,,,,,,,,,34.9,,0,,"2,885",
2022-01-21,"1,586,955",,,,,,,,,,34.9,,0,,"3,130",
2022-01-22,"1,591,236",,,,,,,,,,34.9,,0,,"3,264",
2022-01-23,"1,594,484",,,,,,,,,,34.9,,0,,"2,724",
2022-01-24,"1,598,488",,,,,,,,,,34.9,,0,,"2,900",
2022-01-25,"1,602,351",,,,,,,,,,34.9,,0,,"2,998",
2022-01-26,"1,605,026",,,,,,,,,,34.9,,0,,"3,324",
2022-01-27,"1,606,511",,,,,,,,,,34.9,,0,,"2,568",
2022-01-28,"1,610,523",,,,,,,,,,,,,,,
2022-01-29,"1,615,010",,,,,,,,,,,,,,,
2022-01-30,"1,618,599",,,,,,,,,,,,,,,
2022-01-31,"1,621,440",,,,,,,,,,,,,,,
2022-02-01,"1,624,581",,,,,,,,,,,,,,,
